surname,RANK,FREQUENCY (COUNT),"PROPORTION PER 100,000 POPULATION",CUMULATIVE PROPORTION,White,Black,Asian,Native,PERCENT NON-HISPANIC OR LATINO TWO OR MORE RACES,Latino
SMITH,1,"2,442,977",828.2,828.2,70.9,23.1,0.5,0.9,2.2,2.4
JOHNSON,2,"1,932,812",655.2,"1,483.40",59,34.6,0.5,0.9,2.6,2.4
WILLIAMS,3,"1,625,252",551,"2,034.40",45.8,47.7,0.5,0.8,2.8,2.5
BROWN,4,"1,437,026",487.2,"2,521.60",58,35.6,0.5,0.9,2.6,2.5
JONES,5,"1,425,470",483.2,"3,004.80",55.2,38.5,0.4,1,2.6,2.3
GARCIA,6,"1,166,120",395.3,"3,400.10",5.4,0.5,1.4,0.5,0.3,92
MILLER,7,"1,161,437",393.7,"3,793.90",84.1,10.8,0.5,0.7,1.8,2.2
DAVIS,8,"1,116,357",378.5,"4,172.30",62.2,31.6,0.5,0.8,2.5,2.4
RODRIGUEZ,9,"1,094,924",371.2,"4,543.50",4.8,0.5,0.6,0.2,0.2,93.8
MARTINEZ,10,"1,060,159",359.4,"4,902.90",5.3,0.5,0.6,0.5,0.2,92.9
HERNANDEZ,11,"1,043,281",353.7,"5,256.60",3.8,0.4,0.6,0.2,0.2,94.9
LOPEZ,12,"874,523",296.5,"5,553.10",4.9,0.6,1,0.4,0.3,92.9
GONZALEZ,13,"841,025",285.1,"5,838.20",4,0.4,0.4,0.1,0.1,95
WILSON,14,"801,882",271.8,"6,110.00",67.4,26,0.6,1.1,2.4,2.6
ANDERSON,15,"784,404",265.9,"6,375.90",75.2,18.9,0.6,0.7,2.1,2.4
THOMAS,16,"756,142",256.3,"6,632.30",52.6,38.8,2.4,1.1,2.6,2.5
TAYLOR,17,"751,209",254.7,"6,886.90",65.4,28.4,0.6,0.8,2.4,2.5
MOORE,18,"724,374",245.6,"7,132.50",66.4,27.7,0.5,0.7,2.3,2.3
JACKSON,19,"708,099",240.1,"7,372.50",39.9,53,0.4,1.1,3.1,2.5
MARTIN,20,"702,625",238.2,"7,610.70",74.8,15.8,0.9,1,2,5.6
LEE,21,"693,023",234.9,"7,845.70",36,16.3,42.2,1,2.6,1.9
PEREZ,22,"681,645",231.1,"8,076.80",5,0.5,1.2,0.2,0.3,93
THOMPSON,23,"664,644",225.3,"8,302.10",69.8,23.6,0.6,1.2,2.4,2.5
WHITE,24,"660,491",223.9,"8,526.00",65.5,28.2,0.5,1.1,2.4,2.4
HARRIS,25,"624,252",211.6,"8,737.60",51.4,42.4,0.5,0.7,2.8,2.3
SANCHEZ,26,"612,752",207.7,"8,945.30",5,0.5,1,0.4,0.2,93
CLARK,27,"562,679",190.8,"9,136.10",74.7,19,0.5,1,2.2,2.6
RAMIREZ,28,"557,423",189,"9,325.10",3.9,0.3,0.9,0.2,0.2,94.5
LEWIS,29,"531,781",180.3,"9,505.30",58.2,34.8,0.6,1.2,2.6,2.6
ROBINSON,30,"529,821",179.6,"9,685.00",48.7,44.9,0.5,0.5,2.8,2.6
WALKER,31,"523,129",177.3,"9,862.30",58.7,35.1,0.5,0.9,2.6,2.4
YOUNG,32,"484,447",164.2,"10,026.50",66.3,24.7,3,0.8,2.7,2.6
ALLEN,33,"482,607",163.6,"10,190.10",67.6,26.2,0.5,0.9,2.4,2.5
KING,34,"465,422",157.8,"10,347.90",70.2,22.8,1.2,1,2.3,2.6
WRIGHT,35,"458,980",155.6,"10,503.50",65.8,28.2,0.5,0.7,2.4,2.4
SCOTT,36,"439,530",149,"10,652.50",60.2,32.9,0.5,1.2,2.6,2.6
TORRES,37,"437,813",148.4,"10,800.90",5.4,0.6,1.4,0.2,0.3,92.2
NGUYEN,38,"437,645",148.4,"10,949.30",1,0.1,96.5,0,1.8,0.6
HILL,39,"434,827",147.4,"11,096.70",64.4,29.1,0.5,1,2.5,2.5
FLORES,40,"433,969",147.1,"11,243.80",4.9,0.4,2.1,0.3,0.4,91.9
GREEN,41,"430,182",145.8,"11,389.70",56.8,37,0.4,0.6,2.5,2.6
ADAMS,42,"427,865",145.1,"11,534.70",74,19.9,0.6,0.8,2.2,2.6
NELSON,43,"424,958",144.1,"11,678.80",77.7,16,0.7,1.2,2,2.6
BAKER,44,"419,586",142.2,"11,821.00",79.8,14.4,0.6,0.9,2,2.3
HALL,45,"407,076",138,"11,959.00",72.7,21.6,0.6,0.7,2.2,2.3
RIVERA,46,"391,114",132.6,"12,091.60",5.4,1,2,0.2,0.4,91.1
CAMPBELL,47,"386,157",130.9,"12,222.50",73.7,20.5,0.5,0.7,2.1,2.5
MITCHELL,48,"384,486",130.3,"12,352.90",61,32.5,0.5,1,2.5,2.5
CARTER,49,"376,966",127.8,"12,480.70",58.2,35.6,0.5,0.8,2.7,2.3
ROBERTS,50,"376,774",127.7,"12,608.40",77.3,16.7,0.6,0.9,2.2,2.4
GOMEZ,51,"365,655",124,"12,732.40",5.1,0.8,1,0.3,0.3,92.6
PHILLIPS,52,"360,802",122.3,"12,854.70",76.7,17.1,0.6,1,2.2,2.4
EVANS,53,"355,593",120.6,"12,975.20",68.4,25.7,0.5,0.7,2.3,2.4
TURNER,54,"348,627",118.2,"13,093.40",64.3,30.1,0.4,0.6,2.4,2.2
DIAZ,55,"347,636",117.9,"13,211.30",5.2,0.7,1.2,0.2,0.3,92.6
PARKER,56,"336,221",114,"13,325.20",69.2,24.8,0.5,0.9,2.4,2.3
CRUZ,57,"334,201",113.3,"13,438.50",5.2,0.8,5.2,0.3,0.7,87.9
EDWARDS,58,"332,423",112.7,"13,551.20",62.1,31.6,0.5,0.8,2.5,2.5
COLLINS,59,"329,770",111.8,"13,663.00",71.6,22.4,0.5,0.8,2.2,2.5
REYES,60,"327,904",111.2,"13,774.20",4.4,0.6,5.6,0.2,0.6,88.6
STEWART,61,"324,957",110.2,"13,884.30",69.2,24.9,0.5,0.8,2.2,2.5
MORRIS,62,"318,884",108.1,"13,992.50",73.6,20.1,0.6,1,2.2,2.6
MORALES,63,"311,777",105.7,"14,098.10",4.6,0.6,1.2,0.2,0.2,93.2
MURPHY,64,"308,417",104.6,"14,202.70",83.1,11.5,0.6,0.7,1.8,2.3
COOK,65,"302,589",102.6,"14,305.30",81.8,12.6,0.6,0.9,2,2.2
ROGERS,66,"302,261",102.5,"14,407.80",75.4,18.5,0.5,0.8,2.1,2.6
GUTIERREZ,67,"293,218",99.4,"14,507.20",4.6,0.2,1.4,0.3,0.2,93.3
ORTIZ,68,"286,899",97.3,"14,604.40",5,0.6,0.7,0.4,0.3,93.1
MORGAN,69,"286,280",97.1,"14,701.50",76.1,17.3,0.5,1.2,2.1,2.8
COOPER,70,"280,791",95.2,"14,796.70",67.9,26.1,0.5,0.7,2.3,2.4
PETERSON,71,"278,297",94.3,"14,891.00",84.4,10.1,0.7,0.7,1.7,2.4
BAILEY,72,"277,845",94.2,"14,985.20",72.5,22,0.5,0.6,2.2,2.3
REED,73,"277,030",93.9,"15,079.10",71.3,22.6,0.5,1.1,2.3,2.2
KELLY,74,"267,394",90.7,"15,169.80",78.1,16.2,0.6,0.5,1.8,2.7
HOWARD,75,"264,826",89.8,"15,259.50",64.3,29.5,0.5,0.9,2.5,2.4
RAMOS,76,"263,464",89.3,"15,348.80",6.5,1,4.9,0.2,0.7,86.8
KIM,77,"262,352",88.9,"15,437.80",2.5,0.4,94.5,0,2,0.7
COX,78,"261,231",88.6,"15,526.30",82.6,12.1,0.5,0.7,1.8,2.3
WARD,79,"260,464",88.3,"15,614.60",75.6,18.5,0.5,0.9,2.1,2.4
RICHARDSON,80,"259,798",88.1,"15,702.70",59.7,33.6,0.5,1.1,2.4,2.7
WATSON,81,"252,579",85.6,"15,788.30",66,27.9,0.5,0.8,2.3,2.4
BROOKS,82,"251,663",85.3,"15,873.70",60.2,33.5,0.5,0.8,2.6,2.5
CHAVEZ,83,"250,898",85.1,"15,958.70",5,0.2,0.7,0.9,0.2,93
WOOD,84,"250,715",85,"16,043.70",88.7,5.6,0.7,0.8,1.8,2.4
JAMES,85,"249,379",84.5,"16,128.30",51.6,38.9,1.3,2.6,2.6,3.1
BENNETT,86,"247,599",83.9,"16,212.20",76.6,17.5,0.5,0.9,2,2.5
GRAY,87,"246,116",83.4,"16,295.60",68.7,25.1,0.5,0.9,2.3,2.4
MENDOZA,88,"242,771",82.3,"16,377.90",4.1,0.4,4.9,0.2,0.4,90
RUIZ,89,"238,234",80.8,"16,458.70",5.2,0.4,1,0.2,0.2,92.9
HUGHES,90,"236,271",80.1,"16,538.80",78.4,16.1,0.5,0.5,2,2.5
PRICE,91,"235,251",79.8,"16,618.50",73.9,20.5,0.5,0.7,2.1,2.2
ALVAREZ,92,"233,983",79.3,"16,697.90",5.2,0.6,1.2,0.4,0.2,92.5
CASTILLO,93,"230,420",78.1,"16,776.00",4.9,0.7,3,0.6,0.5,90.3
SANDERS,94,"230,374",78.1,"16,854.10",60.8,33,0.4,0.8,2.4,2.6
PATEL,95,"229,973",78,"16,932.00",2.1,0.4,94.8,0.7,1.7,0.4
MYERS,96,"229,895",77.9,"17,010.00",84.5,10.5,0.5,0.6,1.8,2.1
LONG,97,"229,374",77.8,"17,087.70",79.9,12.1,2.5,1.3,2,2.2
ROSS,98,"229,368",77.8,"17,165.50",69,24.5,0.6,0.9,2.3,2.8
FOSTER,99,"227,764",77.2,"17,242.70",69.7,23.9,0.6,0.9,2.3,2.7
JIMENEZ,100,"227,118",77,"17,319.70",3.8,0.3,1.5,0.2,0.2,94
POWELL,101,"224,874",76.2,"17,395.90",67.2,27.1,0.5,0.6,2.3,2.3
JENKINS,102,"222,653",75.5,"17,471.40",57.8,36.8,0.4,0.6,2.4,2.1
PERRY,103,"221,741",75.2,"17,546.60",68.3,25.2,0.6,0.8,2.4,2.7
RUSSELL,104,"221,558",75.1,"17,621.70",77.1,16.7,0.6,1.1,2.2,2.5
SULLIVAN,105,"220,990",74.9,"17,696.60",87.7,7.1,0.6,0.6,1.6,2.4
BELL,106,"220,599",74.8,"17,771.40",61.1,32.4,0.6,1,2.5,2.5
COLEMAN,107,"219,070",74.3,"17,845.70",49.4,44.6,0.4,0.5,2.8,2.3
BUTLER,108,"218,847",74.2,"17,919.90",62.4,31.5,0.5,0.8,2.5,2.4
HENDERSON,109,"218,393",74,"17,993.90",59.6,34,0.5,0.9,2.6,2.5
BARNES,110,"218,241",74,"18,067.90",64.8,29.3,0.5,0.8,2.4,2.3
GONZALES,111,"214,758",72.8,"18,140.70",9.8,1,3.8,0.8,0.6,84.1
FISHER,112,"214,703",72.8,"18,213.50",82.6,11.8,0.6,0.8,1.9,2.4
VASQUEZ,113,"212,781",72.1,"18,285.60",5.1,0.5,0.7,0.3,0.2,93.2
SIMMONS,114,"210,182",71.3,"18,356.90",57.9,36.2,0.5,0.7,2.5,2.3
ROMERO,115,"208,614",70.7,"18,427.60",8.7,0.5,1.3,0.7,0.4,88.5
JORDAN,116,"208,403",70.7,"18,498.20",61.4,30.7,0.6,0.7,2.5,4.1
PATTERSON,117,"205,423",69.6,"18,567.90",67.3,26.8,0.5,0.7,2.4,2.4
ALEXANDER,118,"204,621",69.4,"18,637.20",58.2,34,1.2,0.7,2.7,3.2
HAMILTON,119,"201,746",68.4,"18,705.60",70.2,23.7,0.5,0.8,2.3,2.5
GRAHAM,120,"201,159",68.2,"18,773.80",70,24,0.5,0.8,2.1,2.6
REYNOLDS,121,"200,247",67.9,"18,841.70",81.1,13.2,0.5,0.7,2,2.5
GRIFFIN,122,"198,406",67.3,"18,909.00",63.8,30.8,0.4,0.5,2.3,2.2
WALLACE,123,"197,276",66.9,"18,975.80",69.2,24.7,0.5,0.8,2.3,2.5
MORENO,124,"196,925",66.8,"19,042.60",6.1,0.4,0.7,0.4,0.2,92.2
WEST,125,"195,818",66.4,"19,109.00",75.5,18.5,0.5,0.8,2.3,2.5
COLE,126,"195,289",66.2,"19,175.20",75.3,18.9,0.6,0.7,2.1,2.4
HAYES,127,"194,246",65.9,"19,241.00",69.4,24.7,0.5,0.8,2.3,2.3
BRYANT,128,"192,773",65.4,"19,306.40",58.5,35.6,0.4,0.9,2.5,2.2
HERRERA,129,"192,711",65.3,"19,371.70",4.9,0.4,1,0.5,0.2,93
GIBSON,130,"190,667",64.6,"19,436.40",72.1,21.8,0.5,1,2.3,2.3
ELLIS,131,"188,968",64.1,"19,500.40",70.4,23.5,0.5,0.7,2.2,2.7
TRAN,132,"188,498",63.9,"19,564.30",1.4,0.1,96,0,1.7,0.8
MEDINA,133,"188,497",63.9,"19,628.20",5.7,0.6,1.9,0.3,0.3,91.2
AGUILAR,134,"186,512",63.2,"19,691.50",4,0.3,1.6,0.5,0.2,93.3
STEVENS,135,"185,674",62.9,"19,754.40",81.4,11.8,0.6,1.3,2,2.7
MURRAY,136,"184,910",62.7,"19,817.10",74.9,19.3,0.6,0.6,2,2.6
FORD,137,"184,832",62.7,"19,879.70",62.1,32,0.5,0.6,2.5,2.4
CASTRO,138,"184,134",62.4,"19,942.20",7.3,0.7,3.7,0.2,0.6,87.4
MARSHALL,139,"183,922",62.4,"20,004.50",66,27.5,0.6,1,2.3,2.6
OWENS,140,"182,719",61.9,"20,066.50",65.9,28.4,0.4,0.8,2.5,2.2
HARRISON,141,"181,091",61.4,"20,127.90",68.7,24.5,0.5,1.4,2.3,2.7
FERNANDEZ,142,"180,842",61.3,"20,189.20",8.8,1.2,5.4,0.2,0.9,83.6
MCDONALD,143,"180,497",61.2,"20,250.30",76.7,17.3,0.6,0.8,2,2.7
WOODS,144,"177,425",60.2,"20,310.50",58.3,35.3,0.4,0.9,2.7,2.4
WASHINGTON,145,"177,386",60.1,"20,370.60",5.2,87.5,0.3,0.7,3.8,2.5
KENNEDY,146,"176,865",60,"20,430.60",80.8,13.6,0.6,0.6,1.9,2.5
WELLS,147,"176,230",59.7,"20,490.30",74,20,0.5,0.9,2.2,2.4
VARGAS,148,"173,835",58.9,"20,549.30",5.4,0.4,0.9,0.2,0.2,92.9
HENRY,149,"170,964",58,"20,607.20",61.4,30.7,0.8,1.9,2.3,2.8
CHEN,150,"169,580",57.5,"20,664.70",1.4,0.3,96.1,0,1.6,0.5
FREEMAN,151,"169,149",57.3,"20,722.10",65.5,28.3,0.5,1,2.4,2.3
WEBB,152,"168,878",57.3,"20,779.30",75.5,19.1,0.5,0.7,2,2.3
TUCKER,153,"167,446",56.8,"20,836.10",70,24.2,0.5,0.8,2.3,2.4
GUZMAN,154,"167,044",56.6,"20,892.70",4.1,0.4,1.3,0.2,0.3,93.8
BURNS,155,"165,925",56.3,"20,948.90",80.3,14.1,0.6,0.8,1.8,2.5
CRAWFORD,156,"164,457",55.8,"21,004.70",68.6,25.7,0.5,0.8,2.3,2.2
OLSON,157,"164,035",55.6,"21,060.30",94.8,0.4,0.7,0.7,1.4,2
SIMPSON,158,"163,181",55.3,"21,115.60",70.8,23.1,0.5,0.8,2.3,2.5
PORTER,159,"163,054",55.3,"21,170.90",68.6,25.4,0.6,0.7,2.3,2.5
HUNTER,160,"162,440",55.1,"21,226.00",60.8,32.7,0.5,1,2.6,2.4
GORDON,161,"161,833",54.9,"21,280.80",64.3,29.2,0.6,0.7,2.3,3
MENDEZ,162,"161,717",54.8,"21,335.70",4.5,0.8,0.5,0.2,0.2,93.8
SILVA,163,"161,633",54.8,"21,390.50",32.6,2,2,0.4,1.6,61.3
SHAW,164,"160,400",54.4,"21,444.80",72.1,21.2,1.5,0.8,2.2,2.4
SNYDER,165,"160,262",54.3,"21,499.20",94.1,1.5,0.6,0.5,1.5,1.9
MASON,166,"160,213",54.3,"21,553.50",68.8,25.1,0.5,0.8,2.4,2.4
DIXON,167,"159,480",54.1,"21,607.50",54.3,39.3,0.4,1,2.6,2.5
MUNOZ,168,"158,483",53.7,"21,661.30",4.9,0.3,0.9,0.2,0.2,93.5
HUNT,169,"158,421",53.7,"21,715.00",73.6,16.9,0.6,4.2,2.4,2.3
HICKS,170,"158,320",53.7,"21,768.60",67.4,26.9,0.4,1,2.2,2.1
HOLMES,171,"156,780",53.2,"21,821.80",56.8,37.3,0.4,0.8,2.4,2.4
PALMER,172,"156,601",53.1,"21,874.90",75.1,18.6,0.6,0.8,2.1,2.9
WAGNER,173,"155,795",52.8,"21,927.70",92.5,2.6,0.6,0.5,1.4,2.4
BLACK,174,"154,738",52.5,"21,980.20",74.6,19,0.5,1.4,2.1,2.3
ROBERTSON,175,"153,666",52.1,"22,032.20",73.4,20.6,0.5,0.9,2.1,2.5
BOYD,176,"153,469",52,"22,084.30",63.2,30.8,0.5,1,2.4,2.2
ROSE,177,"153,397",52,"22,136.30",82.1,11.6,0.7,0.6,2,3
STONE,178,"153,329",52,"22,188.30",86,8.1,0.7,1,1.9,2.4
SALAZAR,179,"152,703",51.8,"22,240.00",5.6,0.3,1.7,0.5,0.3,91.7
FOX,180,"152,334",51.6,"22,291.70",88.1,6.1,0.6,1,1.8,2.4
WARREN,181,"152,147",51.6,"22,343.20",70.1,23.9,0.6,0.8,2.3,2.3
MILLS,182,"151,942",51.5,"22,394.80",77.5,16.8,0.5,0.8,2.1,2.3
MEYER,183,"150,895",51.2,"22,445.90",94.8,0.5,0.7,0.3,1.4,2.3
RICE,184,"149,500",50.7,"22,496.60",77.6,16.7,0.6,0.7,2,2.3
SCHMIDT,185,"147,034",49.9,"22,546.40",95.2,0.4,0.6,0.3,1.2,2.3
GARZA,186,"147,005",49.8,"22,596.30",6.7,0.2,0.2,0.3,0.2,92.5
DANIELS,187,"146,570",49.7,"22,646.00",54.7,38.5,0.5,0.9,2.7,2.7
FERGUSON,188,"146,426",49.6,"22,695.60",74.8,19.2,0.6,0.6,2.2,2.5
NICHOLS,189,"145,584",49.4,"22,745.00",82.4,11.9,0.5,0.8,2,2.4
STEPHENS,190,"144,646",49,"22,794.00",73.9,20.3,0.5,0.7,2.1,2.5
SOTO,191,"144,451",49,"22,843.00",5.2,0.5,0.4,0.3,0.2,93.5
WEAVER,192,"143,837",48.8,"22,891.70",84.4,10,0.5,1.1,1.9,2.1
RYAN,193,"143,452",48.6,"22,940.40",91.7,3,0.9,0.4,1.5,2.6
GARDNER,194,"142,894",48.4,"22,988.80",75,19.4,0.6,0.7,2,2.3
PAYNE,195,"142,601",48.3,"23,037.10",71.6,22.6,0.5,0.6,2.4,2.4
GRANT,196,"142,277",48.2,"23,085.40",55.4,37.9,0.5,1.1,2.4,2.8
DUNN,197,"141,427",47.9,"23,133.30",80.1,14.4,0.8,0.6,1.9,2.3
KELLEY,198,"140,693",47.7,"23,181.00",83.8,10.8,0.6,0.7,2,2.2
SPENCER,199,"139,951",47.4,"23,228.50",69.4,23.2,0.8,1.5,2.5,2.7
HAWKINS,200,"139,751",47.4,"23,275.80",61.1,32.8,0.5,0.7,2.5,2.5
ARNOLD,201,"138,893",47.1,"23,322.90",81.3,13.3,0.6,0.6,1.9,2.4
PIERCE,202,"138,629",47,"23,369.90",81,12.9,0.5,1.1,2.1,2.5
VAZQUEZ,203,"138,322",46.9,"23,416.80",3.5,0.4,0.2,0.1,0.1,95.8
HANSEN,204,"137,977",46.8,"23,463.60",94.2,0.5,0.7,0.5,1.5,2.5
PETERS,205,"137,513",46.6,"23,510.20",82.9,10.4,1,1.3,1.9,2.6
SANTOS,206,"137,232",46.5,"23,556.70",20.1,2.3,13.3,0.3,1.9,62.2
HART,207,"137,184",46.5,"23,603.20",80.5,13.6,0.6,0.7,2,2.5
BRADLEY,208,"136,720",46.4,"23,649.60",69.1,25.1,0.4,0.8,2.2,2.3
KNIGHT,209,"136,713",46.4,"23,695.90",72.3,21.6,0.5,0.9,2.2,2.5
ELLIOTT,210,"135,765",46,"23,741.90",81.6,13,0.5,0.7,2,2.2
CUNNINGHAM,211,"135,718",46,"23,788.00",73.2,21.2,0.5,0.5,2.1,2.6
DUNCAN,212,"135,187",45.8,"23,833.80",76.4,17.3,0.5,1,2.2,2.6
ARMSTRONG,213,"135,044",45.8,"23,879.60",72.4,21,0.6,0.9,2.3,2.8
HUDSON,214,"134,963",45.8,"23,925.30",66.9,27.4,0.5,0.8,2.2,2.2
CARROLL,215,"134,317",45.5,"23,970.90",83,11.5,0.6,0.7,1.9,2.4
LANE,216,"134,227",45.5,"24,016.40",77.1,16.9,0.6,0.9,2.1,2.3
RILEY,217,"133,872",45.4,"24,061.70",72.8,21.3,0.5,0.9,2.1,2.5
ANDREWS,218,"133,799",45.4,"24,107.10",71.8,21.6,0.8,1.1,2.2,2.6
ALVARADO,219,"133,501",45.3,"24,152.40",4.3,0.3,0.5,0.2,0.2,94.4
RAY,220,"133,171",45.2,"24,197.50",75,17.5,1.9,0.9,2.1,2.6
DELGADO,221,"132,985",45.1,"24,242.60",5.6,0.7,0.8,0.2,0.3,92.5
BERRY,222,"132,812",45,"24,287.60",70.7,23.1,0.6,0.8,2.3,2.5
PERKINS,223,"131,440",44.6,"24,332.20",69.5,24.6,0.5,0.7,2.3,2.4
HOFFMAN,224,"131,401",44.6,"24,376.70",94.1,1.3,0.6,0.6,1.3,2.1
JOHNSTON,225,"131,373",44.5,"24,421.30",91.6,2.4,0.7,0.8,1.8,2.6
MATTHEWS,226,"131,303",44.5,"24,465.80",63.4,30.7,0.6,0.6,2.4,2.4
PENA,227,"130,776",44.3,"24,510.10",5.3,0.5,1.1,0.3,0.2,92.5
RICHARDS,228,"130,529",44.3,"24,554.40",78.7,14.9,0.7,1,2,2.8
CONTRERAS,229,"130,164",44.1,"24,598.50",4.2,0.2,0.6,0.3,0.2,94.6
WILLIS,230,"130,152",44.1,"24,642.60",62.2,31.1,0.5,1.3,2.6,2.3
CARPENTER,231,"129,898",44,"24,686.60",86.2,8.5,0.6,0.7,1.9,2.2
LAWRENCE,232,"129,699",44,"24,730.60",68.9,24.7,0.7,0.9,2.3,2.5
SANDOVAL,233,"128,948",43.7,"24,774.30",5.3,0.2,0.6,1.8,0.3,91.9
GUERRERO,234,"128,677",43.6,"24,817.90",4.6,0.3,2.2,0.2,0.4,92.3
GEORGE,235,"128,625",43.6,"24,861.50",66.5,18.5,7.6,2.2,2,3.2
CHAPMAN,236,"127,939",43.4,"24,904.90",79.5,14.6,0.6,0.8,2,2.5
RIOS,237,"127,794",43.3,"24,948.20",5,0.4,0.4,0.3,0.2,93.6
ESTRADA,238,"127,470",43.2,"24,991.50",4.6,0.4,1.7,0.2,0.3,92.9
ORTEGA,239,"127,256",43.1,"25,034.60",4.8,0.3,1.2,0.4,0.3,93.1
WATKINS,240,"127,083",43.1,"25,077.70",62,32.3,0.4,0.6,2.6,2.1
GREENE,241,"126,101",42.8,"25,120.40",67.7,26.5,0.5,0.7,2.3,2.2
NUNEZ,242,"125,350",42.5,"25,162.90",5.3,0.7,0.8,0.3,0.2,92.7
WHEELER,243,"125,058",42.4,"25,205.30",81,13.3,0.5,0.9,2,2.4
VALDEZ,244,"124,995",42.4,"25,247.70",6.3,0.5,3.4,0.7,0.6,88.7
HARPER,245,"124,461",42.2,"25,289.90",67.9,26.2,0.5,0.7,2.4,2.3
BURKE,246,"122,877",41.7,"25,331.50",85.9,8.8,0.7,0.5,1.7,2.4
LARSON,247,"122,587",41.6,"25,373.10",94.8,0.5,0.7,0.6,1.4,2
SANTIAGO,248,"122,212",41.4,"25,414.50",5.4,1.3,4.5,0.1,0.6,88.1
MALDONADO,249,"121,526",41.2,"25,455.70",5,0.5,0.4,0.2,0.2,93.7
MORRISON,250,"121,130",41.1,"25,496.80",79.1,14.8,0.6,1,2,2.5
FRANKLIN,251,"120,621",40.9,"25,537.70",54.4,38.8,0.5,0.8,2.8,2.7
CARLSON,252,"120,552",40.9,"25,578.60",94.8,0.5,0.8,0.5,1.4,2.1
AUSTIN,253,"119,706",40.6,"25,619.10",67.5,26,0.6,0.8,2.3,2.8
DOMINGUEZ,254,"119,304",40.4,"25,659.60",5,0.4,1,0.3,0.2,93.1
CARR,255,"119,076",40.4,"25,699.90",73.6,20.8,0.5,0.6,2.1,2.4
LAWSON,256,"119,053",40.4,"25,740.30",73.8,20.7,0.4,0.7,2.2,2.2
JACOBS,257,"118,614",40.2,"25,780.50",74.3,16.7,0.6,3.8,2.2,2.5
OBRIEN,258,"118,557",40.2,"25,820.70",93.9,1.3,0.8,0.4,1.4,2.3
LYNCH,259,"117,708",39.9,"25,860.60",82.3,11.7,0.6,1.1,1.8,2.5
SINGH,260,"116,749",39.6,"25,900.20",4.3,4.5,82.8,1.2,4.8,2.5
VEGA,261,"116,673",39.6,"25,939.70",5.5,0.6,0.7,0.2,0.3,92.7
BISHOP,262,"116,618",39.5,"25,979.30",84.4,10.1,0.6,0.6,1.9,2.4
MONTGOMERY,263,"115,953",39.3,"26,018.60",67.9,26.2,0.6,0.6,2.4,2.4
OLIVER,264,"115,900",39.3,"26,057.90",64.2,27.5,0.7,0.7,2.4,4.5
JENSEN,265,"115,679",39.2,"26,097.10",94,0.4,0.7,0.8,1.4,2.6
HARVEY,266,"115,662",39.2,"26,136.30",68,25,0.5,1.7,2.3,2.5
WILLIAMSON,267,"114,959",39,"26,175.30",77.2,17.4,0.5,0.7,1.9,2.3
GILBERT,268,"114,940",39,"26,214.20",77.8,15.9,0.6,0.7,2,3
DEAN,269,"114,030",38.7,"26,252.90",76.6,16.8,1.1,0.7,2.2,2.6
SIMS,270,"113,374",38.4,"26,291.30",54.3,39.9,0.4,0.6,2.6,2.2
ESPINOZA,271,"112,154",38,"26,329.40",4,0.2,0.4,0.3,0.2,94.9
HOWELL,272,"112,041",38,"26,367.30",79.5,15.1,0.5,0.7,1.8,2.5
LI,273,"111,786",37.9,"26,405.20",1.5,0.2,96.8,0,0.9,0.6
WONG,274,"111,371",37.8,"26,443.00",3.5,0.8,86.5,0,5.2,4
REID,275,"111,360",37.8,"26,480.70",59.8,34.1,0.6,0.6,2.3,2.6
HANSON,276,"111,144",37.7,"26,518.40",92.1,2.9,0.7,0.7,1.6,2.1
LE,277,"110,967",37.6,"26,556.00",1.5,0.2,95.6,0,1.9,0.8
MCCOY,278,"110,744",37.5,"26,593.60",66.9,26.7,0.5,0.9,2.4,2.6
GARRETT,279,"110,697",37.5,"26,631.10",70,24.5,0.4,0.6,2.3,2.2
BURTON,280,"110,529",37.5,"26,668.60",67.3,27.1,0.5,0.5,2.3,2.3
FULLER,281,"110,116",37.3,"26,705.90",73.2,21.1,0.6,0.6,2.2,2.3
WANG,282,"109,883",37.3,"26,743.20",2.6,0.3,95.2,0,1.5,0.4
WEBER,283,"109,433",37.1,"26,780.30",94.3,1.3,0.6,0.4,1.3,2.2
WELCH,284,"108,987",37,"26,817.20",83.5,10.4,0.5,1.1,1.9,2.6
ROJAS,285,"108,421",36.8,"26,854.00",4.1,0.4,0.8,0.1,0.2,94.5
LUCAS,286,"107,690",36.5,"26,890.50",69.1,18.5,1.6,0.5,2.2,8.1
MARQUEZ,287,"107,533",36.5,"26,926.90",5.1,0.5,2.8,0.4,0.5,90.7
FIELDS,288,"107,522",36.5,"26,963.40",57.7,35.8,0.4,1.2,2.7,2.3
PARK,289,"106,696",36.2,"26,999.50",23.3,0.8,73,0.2,1.7,1
YANG,290,"106,033",36,"27,035.50",1,0.2,96.8,0,1.5,0.5
LITTLE,291,"105,936",35.9,"27,071.40",70.1,24.3,0.4,1.3,1.9,2
BANKS,292,"105,833",35.9,"27,107.30",39.3,54.5,0.4,0.4,3,2.5
PADILLA,293,"105,365",35.7,"27,143.00",6.2,0.4,2.1,0.8,0.4,90.2
DAY,294,"105,091",35.6,"27,178.60",83.1,10.4,1,1.1,2,2.4
WALSH,295,"105,079",35.6,"27,214.20",94.5,1.1,0.7,0.2,1.4,2.2
BOWMAN,296,"105,007",35.6,"27,249.80",80.8,13.6,0.5,0.8,2.1,2.2
SCHULTZ,297,"104,888",35.6,"27,285.40",94.8,0.7,0.6,0.4,1.3,2.2
LUNA,298,"104,518",35.4,"27,320.80",8.2,0.4,1.8,0.4,0.4,88.8
FOWLER,299,"104,515",35.4,"27,356.30",81.4,12.9,0.5,1,2.1,2.2
MEJIA,300,"104,057",35.3,"27,391.50",3.4,0.5,1.3,0.1,0.2,94.5
DAVIDSON,301,"103,930",35.2,"27,426.80",84.4,10.1,0.7,0.7,1.9,2.4
ACOSTA,302,"103,418",35.1,"27,461.80",7,0.6,2.3,0.3,0.4,89.5
BREWER,303,"103,318",35,"27,496.90",81.3,12.6,0.4,1.4,2.1,2.2
MAY,304,"103,306",35,"27,531.90",83.6,9.6,1.2,0.7,1.9,3
HOLLAND,305,"102,538",34.8,"27,566.60",76.8,17.7,0.5,0.6,2.2,2.4
JUAREZ,306,"101,949",34.6,"27,601.20",3.4,0.2,0.4,0.2,0.2,95.7
NEWMAN,307,"101,931",34.6,"27,635.80",83,11.1,0.6,0.7,2,2.6
PEARSON,308,"101,836",34.5,"27,670.30",72.1,22.5,0.6,0.4,2.1,2.2
CURTIS,309,"101,801",34.5,"27,704.80",77.9,15.8,0.5,1,2.1,2.6
CORTEZ,310,"101,694",34.5,"27,739.30",6,0.7,2.9,0.3,0.4,89.7
DOUGLAS,311,"101,458",34.4,"27,773.70",58.6,34.7,0.5,0.7,2.7,2.8
SCHNEIDER,312,"101,290",34.3,"27,808.00",95.4,0.4,0.6,0.3,1.2,2.2
JOSEPH,313,"100,959",34.2,"27,842.20",29.6,54.2,9.8,1,2.5,3
BARRETT,314,"100,104",33.9,"27,876.20",80.7,13.4,0.7,0.6,2,2.7
NAVARRO,315,"99,807",33.8,"27,910.00",6.7,0.4,4,0.2,0.6,88.1
FIGUEROA,316,"98,468",33.4,"27,943.40",4.9,0.8,1,0.2,0.3,92.8
KELLER,317,"98,268",33.3,"27,976.70",91.4,3.9,0.6,0.5,1.5,2.3
AVILA,318,"97,314",33,"28,009.70",7,0.4,1.1,0.2,0.3,91
WADE,319,"97,040",32.9,"28,042.60",64.9,29.1,0.5,0.7,2.4,2.3
MOLINA,320,"96,979",32.9,"28,075.50",5.8,0.5,2.3,0.6,0.4,90.3
STANLEY,321,"96,867",32.8,"28,108.30",78.8,15.1,0.7,1.2,2,2.3
HOPKINS,322,"96,810",32.8,"28,141.10",73.6,20.7,0.5,0.9,2.3,2.1
CAMPOS,323,"96,111",32.6,"28,173.70",7.1,0.4,1.4,0.2,0.4,90.5
BARNETT,324,"95,681",32.4,"28,206.10",76.4,17.5,0.4,0.9,2.2,2.6
BATES,325,"95,622",32.4,"28,238.60",75.4,18.9,0.6,0.8,2,2.4
CHAMBERS,326,"94,988",32.2,"28,270.80",65.7,28.5,0.5,0.6,2.3,2.5
CALDWELL,327,"93,944",31.9,"28,302.60",68.1,26.2,0.4,0.7,2.3,2.3
BECK,328,"93,786",31.8,"28,334.40",90.3,4.5,0.7,0.6,1.7,2.2
LAMBERT,329,"93,678",31.8,"28,366.20",83.7,9.9,0.6,1.3,1.8,2.8
MIRANDA,330,"93,628",31.7,"28,397.90",12.3,1.3,4.2,0.4,0.8,81
BYRD,331,"92,904",31.5,"28,429.40",59,34.6,0.4,1.3,2.6,2.1
CRAIG,332,"92,507",31.4,"28,460.70",79,15.2,0.6,0.8,2.1,2.4
AYALA,333,"92,463",31.4,"28,492.10",4.4,0.5,0.5,0.2,0.2,94.3
LOWE,334,"92,260",31.3,"28,523.40",73,19.4,1.7,1,2.4,2.6
FRAZIER,335,"92,152",31.2,"28,554.60",56.1,37.4,0.4,1.4,2.5,2.3
POWERS,336,"91,970",31.2,"28,585.80",89.6,5.2,0.7,0.6,1.7,2.4
NEAL,337,"91,694",31.1,"28,616.90",62.1,31.8,0.6,0.7,2.6,2.2
LEONARD,338,"91,475",31,"28,647.90",80.4,14.1,0.6,0.8,1.8,2.4
GREGORY,339,"91,384",31,"28,678.90",78.6,15.6,0.6,0.8,2,2.5
CARRILLO,340,"91,129",30.9,"28,709.80",5.1,0.2,0.7,0.4,0.2,93.3
SUTTON,341,"90,964",30.8,"28,740.60",72.8,21.7,0.5,0.7,2.2,2.1
FLEMING,342,"90,677",30.7,"28,771.30",71.7,22.8,0.6,0.5,2.2,2.2
RHODES,343,"90,670",30.7,"28,802.10",74.8,20,0.5,0.6,1.9,2.2
SHELTON,344,"90,517",30.7,"28,832.80",73.5,20.6,0.5,0.7,2.5,2.2
SCHWARTZ,345,"90,071",30.5,"28,863.30",95.9,0.4,0.6,0.2,1,1.9
NORRIS,346,"89,796",30.4,"28,893.70",79.9,14.4,0.5,0.9,2,2.2
JENNINGS,347,"89,700",30.4,"28,924.10",70.9,23.1,0.7,0.7,2.3,2.5
WATTS,348,"89,649",30.4,"28,954.50",68.6,25.5,0.5,0.8,2.4,2.3
DURAN,349,"89,401",30.3,"28,984.80",9.9,0.5,1.2,0.8,0.4,87.1
WALTERS,350,"89,376",30.3,"29,015.10",82.9,11.3,0.7,0.8,1.7,2.6
COHEN,351,"89,091",30.2,"29,045.30",88.9,6,0.7,0.1,1.1,3.3
MCDANIEL,352,"88,728",30.1,"29,075.40",76.2,18.4,0.4,0.6,2.1,2.4
MORAN,353,"88,615",30,"29,105.50",64.1,2.4,0.7,0.8,1.1,30.8
PARKS,354,"88,586",30,"29,135.50",69.4,24.9,0.6,0.7,2.4,2.1
STEELE,355,"88,230",29.9,"29,165.40",78.3,15.6,0.5,1.2,2,2.4
VAUGHN,356,"88,060",29.9,"29,195.30",71.5,22.7,0.4,0.8,2.3,2.3
BECKER,357,"87,859",29.8,"29,225.00",94.9,0.5,0.7,0.3,1.3,2.3
HOLT,358,"87,531",29.7,"29,254.70",79.4,14.9,0.6,0.9,2.2,2.1
DELEON,359,"87,414",29.6,"29,284.40",6.6,1,8.3,0.2,0.7,83.1
BARKER,360,"87,162",29.6,"29,313.90",86.5,7.8,0.7,0.7,1.9,2.4
TERRY,361,"87,000",29.5,"29,343.40",66.3,27.3,0.6,0.7,2.4,2.7
HALE,362,"86,618",29.4,"29,372.80",82.2,11.4,0.5,1.2,2.2,2.4
LEON,363,"86,363",29.3,"29,402.00",10,3,1,0.4,0.4,85.2
HAIL,364,"86,240",29.2,"29,431.30",73.1,21.6,0.4,0.5,2.1,2.3
BENSON,365,"86,081",29.2,"29,460.50",77.9,16.2,0.8,0.8,2,2.4
HAYNES,366,"85,974",29.2,"29,489.60",61.1,33.2,0.4,0.6,2.3,2.5
HORTON,367,"85,195",28.9,"29,518.50",70,24.3,0.5,0.7,2.3,2.2
MILES,368,"84,942",28.8,"29,547.30",61.3,32.4,0.5,0.8,2.6,2.4
LYONS,369,"84,516",28.7,"29,575.90",74.9,19.2,0.5,1,2.1,2.3
PHAM,370,"84,320",28.6,"29,604.50",0.9,0.2,96.3,0,1.8,0.7
GRAVES,371,"84,179",28.5,"29,633.10",69.6,24.2,0.5,0.7,2.4,2.6
BUSH,372,"84,018",28.5,"29,661.50",71.7,22.4,0.6,0.8,2.2,2.3
THORNTON,373,"83,967",28.5,"29,690.00",67.4,27.1,0.5,0.6,2.3,2.1
WOLFE,374,"83,928",28.5,"29,718.50",90.8,3.6,0.5,1.4,1.7,2.1
WARNER,375,"83,781",28.4,"29,746.90",84.2,10.2,0.7,0.6,1.9,2.4
CABRERA,376,"83,621",28.4,"29,775.20",4.5,0.4,3.5,0.1,0.5,91
MCKINNEY,377,"83,616",28.4,"29,803.50",68.8,25.2,0.4,0.9,2.4,2.3
MANN,378,"83,510",28.3,"29,831.90",80.4,9.9,3.6,1.3,2.1,2.7
ZIMMERMAN,379,"83,265",28.2,"29,860.10",93.8,2.3,0.5,0.3,1.2,1.9
DAWSON,380,"83,182",28.2,"29,888.30",68.3,25.9,0.6,0.6,2.3,2.3
LARA,381,"83,067",28.2,"29,916.40",5.7,0.4,1.1,0.3,0.2,92.3
FLETCHER,382,"83,063",28.2,"29,944.60",72.9,20.9,0.6,0.7,2.3,2.6
PAGE,383,"82,992",28.1,"29,972.70",75.1,18.9,0.7,0.7,2,2.6
MCCARTHY,384,"82,950",28.1,"30,000.90",92.3,3.3,0.7,0.3,1.3,2.2
LOVE,385,"82,873",28.1,"30,029.00",56.5,37,0.5,0.5,2.9,2.5
ROBLES,386,"82,458",28,"30,056.90",5.1,0.4,2.1,0.4,0.3,91.8
CERVANTES,387,"82,161",27.9,"30,084.80",3.3,0.2,0.9,0.2,0.1,95.3
SOLIS,388,"82,146",27.9,"30,112.60",5.1,0.4,1.6,0.2,0.2,92.4
ERICKSON,389,"82,085",27.8,"30,140.40",95.1,0.4,0.7,0.6,1.4,1.9
REEVES,390,"81,978",27.8,"30,168.20",77.3,16.5,0.6,0.8,2.1,2.7
CHANG,391,"81,939",27.8,"30,196.00",2.4,0.9,88.8,0,4.2,3.7
KLEIN,392,"81,471",27.6,"30,223.60",95.4,0.3,0.6,0.2,1.1,2.3
SALINAS,393,"81,156",27.5,"30,251.10",5.6,0.3,0.9,0.2,0.2,92.9
FUENTES,394,"81,006",27.5,"30,278.60",4.6,0.4,1.3,0.2,0.3,93.2
BALDWIN,395,"80,742",27.4,"30,306.00",76.9,17.3,0.5,0.9,2,2.4
DANIEL,396,"80,526",27.3,"30,333.30",62.8,25.6,3.2,0.7,2.2,5.6
SIMON,397,"80,460",27.3,"30,360.50",65.1,22.5,2.8,0.7,1.9,7.1
VELASQUEZ,398,"80,364",27.2,"30,387.80",4.8,0.7,1.7,0.4,0.2,92.2
HARDY,399,"80,252",27.2,"30,415.00",61.5,32.3,0.5,1.2,2.3,2.2
HIGGINS,400,"79,803",27.1,"30,442.10",83.9,10.8,0.6,0.6,1.9,2.3
AGUIRRE,401,"79,517",27,"30,469.00",5.1,0.3,1.3,0.2,0.3,92.9
LIN,402,"79,508",27,"30,496.00",1.7,0.2,95.9,0,1.8,0.5
CUMMINGS,403,"79,316",26.9,"30,522.90",72.5,19.7,0.7,2.3,2.3,2.5
CHANDLER,404,"79,186",26.8,"30,549.70",74.5,19.6,0.6,0.7,2.2,2.4
SHARP,405,"78,990",26.8,"30,576.50",83.6,10.6,0.6,1,1.9,2.3
BARBER,406,"78,848",26.7,"30,603.20",75.5,18.4,0.6,1,2.1,2.4
BOWEN,407,"78,822",26.7,"30,629.90",82.1,12,0.6,0.7,2,2.7
OCHOA,408,"78,677",26.7,"30,656.60",4.5,0.3,0.5,0.4,0.2,94.1
DENNIS,409,"78,482",26.6,"30,683.20",65.6,27.8,0.6,0.8,2.3,2.9
ROBBINS,410,"78,381",26.6,"30,709.80",87.6,7.2,0.5,0.9,1.7,2.1
LIU,411,"78,370",26.6,"30,736.30",1.8,0.2,95.6,0,1.9,0.5
RAMSEY,412,"78,350",26.6,"30,762.90",77.8,16.5,0.5,0.7,2,2.5
FRANCIS,413,"78,327",26.6,"30,789.50",59.5,30.3,2,2.1,2.4,3.8
GRIFFITH,414,"78,260",26.5,"30,816.00",83.9,10.4,0.6,0.7,1.9,2.6
PAUL,415,"78,256",26.5,"30,842.50",67,20.1,6.3,2.1,1.9,2.7
BLAIR,416,"78,026",26.5,"30,869.00",79.4,14.7,0.6,0.7,2.2,2.5
OCONNOR,417,"77,923",26.4,"30,895.40",92.8,2.1,0.8,0.3,1.4,2.6
CARDENAS,418,"77,652",26.3,"30,921.70",4.6,0.3,1,0.2,0.2,93.7
PACHECO,419,"77,642",26.3,"30,948.00",15.3,0.6,1.2,0.7,0.8,81.4
CROSS,420,"77,557",26.3,"30,974.30",75.5,18.3,0.6,0.9,2.3,2.5
CALDERON,421,"77,085",26.1,"31,000.50",5,0.6,1.5,0.2,0.3,92.6
QUINN,422,"76,986",26.1,"31,026.60",86.2,8.3,0.7,0.5,1.6,2.6
MOSS,423,"76,908",26.1,"31,052.60",69.7,24.7,0.5,0.7,2.1,2.3
SWANSON,424,"76,897",26.1,"31,078.70",90.4,4.8,0.7,0.5,1.5,2.1
CHAN,425,"76,664",26,"31,104.70",2.8,0.8,89.3,0.1,2.5,4.6
RIVAS,426,"76,205",25.8,"31,130.50",4.9,0.6,0.4,0.3,0.2,93.7
KHAN,427,"76,171",25.8,"31,156.30",6.9,3.9,81.3,0.5,5.3,2.2
RODGERS,428,"76,095",25.8,"31,182.10",70.2,23.8,0.5,0.6,2.2,2.7
SERRANO,429,"75,996",25.8,"31,207.90",5.6,0.7,2.9,0.1,0.3,90.3
FITZGERALD,430,"75,356",25.6,"31,233.40",86.3,8.8,0.7,0.3,1.7,2.2
ROSALES,431,"75,185",25.5,"31,258.90",3.6,0.3,2.4,0.2,0.3,93.2
STEVENSON,432,"75,169",25.5,"31,284.40",63.4,30.2,0.6,0.5,2.5,2.7
CHRISTENSEN,433,"75,143",25.5,"31,309.90",94.4,0.4,0.7,0.6,1.5,2.4
MANNING,434,"74,949",25.4,"31,335.30",73.9,20.3,0.6,0.8,2,2.4
GILL,435,"74,948",25.4,"31,360.70",65.2,14,13.4,0.6,2.1,4.7
CURRY,436,"74,919",25.4,"31,386.10",59.2,34.9,0.5,0.5,2.4,2.5
MCLAUGHLIN,437,"74,816",25.4,"31,411.50",88,7.1,0.6,0.5,1.4,2.4
HARMON,438,"74,737",25.3,"31,436.80",77.3,17,0.5,0.7,2.1,2.3
MCGEE,439,"74,542",25.3,"31,462.10",62.3,31.5,0.5,0.7,2.7,2.3
GROSS,440,"74,503",25.3,"31,487.30",84.9,10.3,0.5,0.3,1.5,2.5
DOYLE,441,"74,458",25.2,"31,512.60",89.1,5.7,0.7,0.5,1.7,2.4
GARNER,442,"74,324",25.2,"31,537.80",71.7,22.8,0.5,0.5,2.1,2.3
NEWTON,443,"74,092",25.1,"31,562.90",75.7,18.4,0.6,0.7,2.1,2.6
BURGESS,444,"73,931",25.1,"31,588.00",75.4,18.7,0.6,1,2.2,2.2
REESE,445,"73,919",25.1,"31,613.00",66.1,28.2,0.4,0.6,2.1,2.6
WALTON,446,"73,854",25,"31,638.00",60.4,34.2,0.4,0.5,2.4,2.1
BLAKE,447,"73,797",25,"31,663.10",71.2,22.6,0.6,0.8,2.1,2.7
TRUJILLO,448,"73,664",25,"31,688.00",8.4,0.2,0.3,1.6,0.4,89.1
ADKINS,449,"73,599",25,"31,713.00",87.2,8,0.4,0.8,1.8,1.7
BRADY,450,"73,145",24.8,"31,737.80",87.3,6.9,0.6,1,1.7,2.7
GOODMAN,451,"73,136",24.8,"31,762.60",78.3,15.8,0.6,1,1.8,2.4
ROMAN,452,"72,918",24.7,"31,787.30",20.8,1.9,1,0.2,0.5,75.7
WEBSTER,453,"72,625",24.6,"31,811.90",73.5,19.8,0.6,1.4,2.3,2.5
GOODWIN,454,"72,451",24.6,"31,836.50",77,17.2,0.5,0.9,2.1,2.3
FISCHER,455,"72,357",24.5,"31,861.00",94.3,0.9,0.6,0.4,1.2,2.6
HUANG,456,"72,328",24.5,"31,885.50",0.9,0.1,97.1,0,1.4,0.4
POTTER,457,"72,175",24.5,"31,910.00",89.1,5.1,0.6,0.8,2,2.5
DELACRUZ,458,"72,109",24.5,"31,934.40",3.9,0.4,16.8,0.2,1.5,77.2
MONTOYA,459,"71,844",24.4,"31,958.80",8.7,0.3,0.9,1.4,0.4,88.4
TODD,460,"71,759",24.3,"31,983.10",80.8,13.6,0.5,0.7,2.1,2.3
WU,461,"71,721",24.3,"32,007.40",1.4,0.2,96.4,0,1.6,0.5
HINES,462,"71,717",24.3,"32,031.80",57.7,36.7,0.5,0.5,2.3,2.3
MULLINS,463,"71,646",24.3,"32,056.00",88.8,6.9,0.4,0.5,1.8,1.7
CASTANEDA,464,"71,368",24.2,"32,080.20",4.1,0.2,1.8,0.2,0.3,93.4
MALONE,465,"71,286",24.2,"32,104.40",67.3,26.8,0.6,0.7,2.2,2.5
CANNON,466,"71,085",24.1,"32,128.50",69.8,24.5,0.5,0.5,2.3,2.4
TATE,467,"71,058",24.1,"32,152.60",55.6,38.3,0.6,0.8,2.5,2.1
MACK,468,"71,056",24.1,"32,176.70",44.8,49.1,0.7,0.5,2.6,2.4
SHERMAN,469,"70,502",23.9,"32,200.60",82.7,11.6,0.6,1,1.8,2.3
HUBBARD,470,"70,362",23.9,"32,224.40",71.1,23.2,0.5,0.9,2.3,2.2
HODGES,471,"70,223",23.8,"32,248.20",73.4,20.9,0.5,0.6,2.1,2.6
ZHANG,472,"70,125",23.8,"32,272.00",1,0.2,98.1,0,0.6,0.2
GUERRA,473,"70,071",23.8,"32,295.80",11.3,0.8,0.6,0.5,0.3,86.6
WOLF,474,"70,031",23.7,"32,319.50",93.7,1.1,0.6,1.1,1.5,2.2
VALENCIA,475,"70,000",23.7,"32,343.20",5.3,0.5,3.3,1.2,0.5,89.2
SAUNDERS,476,"69,943",23.7,"32,366.90",67.4,26.1,0.6,0.7,2.6,2.6
FRANCO,476,"69,943",23.7,"32,390.70",15.8,0.6,1.7,0.3,0.5,81
ROWE,478,"69,879",23.7,"32,414.30",79.3,15.1,0.6,0.6,2,2.5
GALLAGHER,479,"69,834",23.7,"32,438.00",94.6,0.7,0.6,0.3,1.3,2.5
FARMER,480,"69,617",23.6,"32,461.60",77.2,17.5,0.5,1.1,1.8,2.1
HAMMOND,481,"69,515",23.6,"32,485.20",78.2,16.1,0.6,0.7,2.2,2.2
HAMPTON,482,"69,472",23.6,"32,508.70",53.7,40.3,0.4,0.7,2.7,2.2
TOWNSEND,483,"69,360",23.5,"32,532.30",67.7,26.4,0.5,0.8,2.3,2.4
INGRAM,484,"69,345",23.5,"32,555.80",61.5,33,0.4,0.5,2.3,2.4
WISE,485,"68,649",23.3,"32,579.00",78.6,15.6,0.6,0.7,2.1,2.4
GALLEGOS,486,"68,373",23.2,"32,602.20",7.7,0.2,0.5,0.5,0.3,90.9
CLARKE,487,"68,281",23.2,"32,625.40",61,32.1,0.6,0.4,2.3,3.6
BARTON,488,"68,233",23.1,"32,648.50",85.1,8,0.6,1.3,1.9,3.1
SCHROEDER,489,"67,977",23,"32,671.50",95.4,0.3,0.6,0.5,1.1,2.1
MAXWELL,490,"67,961",23,"32,694.60",73.2,20.6,0.6,0.6,2.2,2.7
WATERS,491,"67,929",23,"32,717.60",73.4,20.7,0.6,0.9,2.1,2.4
LOGAN,492,"67,909",23,"32,740.60",64.8,27.3,0.7,1.1,2.9,3.2
CAMACHO,493,"67,893",23,"32,763.60",6.1,0.6,2.9,0.2,0.7,89.6
STRICKLAND,494,"67,769",23,"32,786.60",76.2,17.2,0.5,2.2,2,2
NORMAN,495,"67,704",23,"32,809.60",69,25.1,0.6,0.6,2.3,2.4
PERSON,496,"67,411",22.9,"32,832.40",45.6,34.5,4.1,1.1,1.8,12.9
COLON,497,"67,338",22.8,"32,855.20",7.6,1.9,0.3,0.1,0.3,89.8
PARSONS,498,"67,310",22.8,"32,878.10",91.1,3.6,0.6,0.7,1.8,2.3
FRANK,499,"67,304",22.8,"32,900.90",84.5,8,1,2.2,1.6,2.7
HARRINGTON,500,"66,959",22.7,"32,923.60",82,12.4,0.7,0.6,1.8,2.4
GLOVER,501,"66,858",22.7,"32,946.20",52.6,41.7,0.5,0.5,2.5,2.2
OSBORNE,502,"66,827",22.7,"32,968.90",82.3,12.4,0.5,0.7,2,2.2
BUCHANAN,503,"66,648",22.6,"32,991.50",77.4,17,0.6,0.6,2,2.4
CASEY,504,"66,556",22.6,"33,014.10",86.9,7.5,0.7,0.7,1.9,2.4
FLOYD,505,"66,454",22.5,"33,036.60",65.4,29.2,0.4,0.7,2.3,2
PATTON,506,"66,293",22.5,"33,059.10",73.1,20.9,0.5,0.9,2.3,2.4
IBARRA,507,"66,063",22.4,"33,081.50",3,0.2,1.2,0.1,0.2,95.3
BALL,508,"66,059",22.4,"33,103.90",82.3,12,1,0.6,1.8,2.4
TYLER,509,"66,056",22.4,"33,126.20",62,31,0.5,1.4,2.7,2.5
SUAREZ,510,"66,013",22.4,"33,148.60",6.8,0.6,2.1,0.1,0.3,90.1
BOWERS,511,"66,003",22.4,"33,171.00",83.4,11.5,0.5,0.6,1.7,2.3
OROZCO,512,"65,904",22.3,"33,193.30",3.4,0.2,0.4,0.2,0.1,95.8
SALAS,513,"65,468",22.2,"33,215.50",6.5,0.4,2.1,0.3,0.6,90.2
COBB,514,"65,125",22.1,"33,237.60",70,24.8,0.4,0.6,2.1,2
GIBBS,515,"65,064",22.1,"33,259.70",65.9,28.3,0.5,0.7,2.3,2.4
ANDRADE,516,"65,037",22.1,"33,281.70",15.4,3.2,1.6,0.3,1.3,78.2
BAUER,517,"65,004",22,"33,303.80",95.1,0.4,0.6,0.4,1.2,2.4
CONNER,518,"64,572",21.9,"33,325.60",78.6,16.2,0.5,0.6,2,2.2
MOODY,519,"64,429",21.8,"33,347.50",71.3,22.9,0.4,0.8,2,2.7
ESCOBAR,520,"64,403",21.8,"33,369.30",5.2,0.4,1.6,0.2,0.3,92.4
MCGUIRE,521,"64,327",21.8,"33,391.10",88,6.3,0.7,0.6,1.9,2.6
LLOYD,522,"64,202",21.8,"33,412.90",72.6,22.1,0.6,0.4,2,2.3
MUELLER,523,"64,191",21.8,"33,434.70",95.7,0.3,0.6,0.2,1.1,2
HARTMAN,524,"64,106",21.7,"33,456.40",93.9,1.6,0.7,0.5,1.3,2.1
FRENCH,525,"63,991",21.7,"33,478.10",85.8,8.1,0.7,1.1,1.9,2.5
KRAMER,526,"63,936",21.7,"33,499.80",95.4,0.3,0.6,0.3,1.2,2.2
MCBRIDE,527,"63,899",21.7,"33,521.40",74.3,19.9,0.4,0.8,2,2.6
POPE,528,"63,881",21.7,"33,543.10",70.8,23.8,0.5,0.6,2.1,2.2
LINDSEY,529,"63,760",21.6,"33,564.70",67.8,25.7,0.8,0.7,2.7,2.3
VELAZQUEZ,530,"63,736",21.6,"33,586.30",3.3,0.4,0.1,0.1,0.1,96
NORTON,531,"63,722",21.6,"33,607.90",87.8,6.6,0.6,1.2,1.8,2.1
MCCORMICK,532,"63,649",21.6,"33,629.50",87.3,7.6,0.6,0.4,1.6,2.5
SPARKS,533,"63,440",21.5,"33,651.00",84.2,10.4,0.4,0.7,2,2.2
FLYNN,534,"63,400",21.5,"33,672.50",91.9,3.1,0.7,0.6,1.5,2.3
YATES,535,"63,254",21.4,"33,693.90",80.6,14.1,0.5,0.5,2.1,2.3
HOGAN,536,"63,085",21.4,"33,715.30",80.1,14.4,0.5,0.6,1.8,2.5
MARSH,537,"62,304",21.1,"33,736.40",82.7,12,0.5,0.6,1.9,2.2
MACIAS,538,"62,227",21.1,"33,757.50",4.9,0.2,0.4,0.2,0.2,94.1
VILLANUEVA,539,"61,883",21,"33,778.50",4.3,0.4,12.3,0.3,1,81.8
ZAMORA,540,"61,729",20.9,"33,799.40",5.4,0.3,2.5,0.3,0.3,91.2
PRATT,541,"61,671",20.9,"33,820.30",78,15.7,0.6,1,2,2.6
STOKES,542,"61,639",20.9,"33,841.20",58.3,36,0.4,0.5,2.4,2.5
OWEN,543,"61,630",20.9,"33,862.10",91.8,2.4,0.7,0.9,1.7,2.5
BALLARD,544,"61,625",20.9,"33,883.00",75.3,19.2,0.4,0.8,2.1,2.2
LANG,545,"61,529",20.9,"33,903.90",81.4,10.4,3.3,0.6,1.8,2.5
BROCK,546,"61,369",20.8,"33,924.70",83,11.7,0.5,0.8,2,2
VILLARREAL,547,"61,355",20.8,"33,945.50",6.5,0.2,0.2,0.2,0.1,92.9
CHARLES,548,"61,211",20.8,"33,966.20",33.7,53,1,2.1,2.4,7.9
DRAKE,549,"61,162",20.7,"33,987.00",79.6,14.9,0.5,0.6,2,2.3
BARRERA,550,"60,998",20.7,"34,007.60",5,0.3,1.1,0.2,0.2,93.2
CAIN,551,"60,948",20.7,"34,028.30",77.2,17,0.8,0.6,2.1,2.3
PATRICK,552,"60,845",20.6,"34,048.90",73.7,20.4,0.7,1,2,2.2
PINEDA,553,"60,820",20.6,"34,069.50",3.3,0.3,5.3,0.1,0.3,90.7
BURNETT,554,"60,791",20.6,"34,090.20",69.9,24.1,0.4,0.7,2.5,2.4
MERCADO,555,"60,761",20.6,"34,110.80",5.2,0.6,6.9,0.1,0.6,86.6
SANTANA,556,"60,667",20.6,"34,131.30",6.1,1.3,0.5,0.1,0.3,91.6
SHEPHERD,557,"60,479",20.5,"34,151.80",78.6,15.9,0.5,0.9,2,2
BAUTISTA,558,"60,264",20.4,"34,172.30",3.2,0.3,18.2,0.3,1.3,76.8
ALI,559,"60,002",20.3,"34,192.60",17.3,30.7,42.9,0.5,5.7,2.9
SHAFFER,560,"59,943",20.3,"34,212.90",93.1,2.5,0.6,0.4,1.5,1.9
LAMB,561,"59,913",20.3,"34,233.20",86.1,8.6,0.7,0.5,1.7,2.3
TREVINO,562,"59,882",20.3,"34,253.50",7.8,0.3,0.2,0.4,0.2,91.1
MCKENZIE,563,"59,595",20.2,"34,273.70",64.6,28.6,0.7,0.7,2.3,3
HESS,564,"59,486",20.2,"34,293.90",94.6,0.9,0.6,0.5,1.4,2
BEIL,565,"59,463",20.2,"34,314.10",62.1,32.1,0.3,0.9,2.3,2.3
OLSEN,566,"59,356",20.1,"34,334.20",93.7,0.3,0.8,0.8,1.8,2.7
COCHRAN,567,"59,350",20.1,"34,354.30",85.3,9.1,0.5,1.2,1.7,2.2
MORTON,568,"59,213",20.1,"34,374.40",74,19.7,0.7,0.9,2.3,2.5
NASH,569,"58,714",19.9,"34,394.30",69.3,24.6,0.5,0.8,2.4,2.3
WILKINS,570,"58,634",19.9,"34,414.20",63.1,30.6,0.4,0.9,2.4,2.7
PETERSEN,571,"58,480",19.8,"34,434.00",93.4,1.3,0.8,0.4,1.6,2.5
BRIGGS,572,"58,408",19.8,"34,453.80",75.9,18.6,0.5,0.7,2.1,2.2
SHAH,573,"58,287",19.8,"34,473.50",3.6,0.9,91.7,0.3,2.7,0.7
ROTH,574,"58,278",19.8,"34,493.30",94.9,0.5,0.9,0.3,1.2,2.3
NICHOLSON,575,"58,151",19.7,"34,513.00",74.3,19.9,0.5,0.6,2.2,2.5
HOLLOWAY,576,"58,040",19.7,"34,532.70",58.3,36.1,0.4,0.6,2.5,2.1
LOZANO,577,"57,779",19.6,"34,552.30",6,0.3,1.6,0.2,0.3,91.7
RANGEL,578,"57,549",19.5,"34,571.80",6,0.3,0.3,0.2,0.2,93
FLOWERS,578,"57,549",19.5,"34,591.30",53.1,40.3,0.4,0.6,2.8,2.8
HOOVER,580,"57,497",19.5,"34,610.80",92,3.4,0.6,0.6,1.5,1.9
SHORT,581,"57,477",19.5,"34,630.30",84.1,10.2,0.6,0.9,2,2.2
ARIAS,581,"57,477",19.5,"34,649.80",5.1,0.4,1.1,0.1,0.2,93.1
MORA,583,"57,464",19.5,"34,669.20",7.4,0.5,1.1,0.3,0.3,90.6
VALENZUELA,584,"57,383",19.5,"34,688.70",5,0.2,2.4,1.7,0.4,90.4
BRYAN,585,"57,143",19.4,"34,708.10",81.3,11.8,0.6,0.6,1.8,3.8
MEYERS,586,"57,127",19.4,"34,727.40",89.8,4.6,0.8,0.6,1.8,2.4
WEISS,587,"57,112",19.4,"34,746.80",95.6,0.4,0.7,0.2,1,2.2
UNDERWOOD,588,"57,064",19.4,"34,766.10",79.2,15,0.5,1.1,2,2.2
BASS,589,"57,044",19.3,"34,785.50",69.2,24.5,0.5,0.8,2.3,2.7
GREER,590,"57,043",19.3,"34,804.80",73.3,21.3,0.5,0.5,2.1,2.4
SUMMERS,591,"56,953",19.3,"34,824.10",78.9,14.8,0.5,1.1,2.3,2.3
HOUSTON,592,"56,900",19.3,"34,843.40",52.1,41.5,0.5,0.6,2.8,2.5
CARSON,593,"56,872",19.3,"34,862.70",72.3,21.7,0.6,0.8,2.3,2.4
MORROW,594,"56,840",19.3,"34,882.00",79.9,14.7,0.5,0.7,2,2.2
CLAYTON,595,"56,638",19.2,"34,901.20",69.1,25.5,0.5,0.5,2.2,2.2
WHITAKER,596,"56,616",19.2,"34,920.30",70.7,24.3,0.5,0.5,2,2
DECKER,597,"56,576",19.2,"34,939.50",94,0.9,0.5,0.6,1.6,2.5
YODER,598,"56,410",19.1,"34,958.70",97.8,0.2,0.2,0.2,0.7,0.9
COLLIER,599,"56,380",19.1,"34,977.80",67,27.4,0.5,0.6,2.4,2.2
ZUNIGA,600,"56,347",19.1,"34,996.90",4.5,0.5,0.8,0.2,0.2,93.9
CAREY,601,"56,322",19.1,"35,016.00",80.9,13.5,0.6,0.7,2.1,2.3
WILCOX,602,"56,286",19.1,"35,035.00",83.9,10.4,0.6,0.8,1.9,2.5
MELENDEZ,603,"56,230",19.1,"35,054.10",5,1,0.5,0.2,0.3,93.1
POOLE,604,"56,226",19.1,"35,073.20",72.6,22.7,0.5,0.4,2,1.9
ROBERSON,605,"56,180",19.1,"35,092.20",51.3,42.8,0.4,0.5,2.7,2.2
LARSEN,606,"55,960",19,"35,111.20",94.2,0.5,0.8,0.7,1.5,2.4
CONLEY,607,"55,917",19,"35,130.10",79.8,15.4,0.4,0.6,2,1.9
DAVENPORT,608,"55,895",19,"35,149.10",71.8,22.3,0.5,0.7,2.4,2.4
COPELAND,609,"55,850",18.9,"35,168.00",65.9,28.3,0.5,0.7,2.4,2.3
MASSEY,610,"55,595",18.9,"35,186.90",73.2,20.4,1.1,1.1,2,2.3
LAM,611,"55,554",18.8,"35,205.70",6.8,0.6,88,0.1,2,2.6
HUFF,612,"55,484",18.8,"35,224.50",81.4,13.4,0.5,0.7,1.9,2.1
ROCHA,613,"55,251",18.7,"35,243.20",16.5,0.8,0.8,0.3,0.5,81.1
CAMERON,614,"55,240",18.7,"35,262.00",75.5,17.9,0.7,0.7,2.1,3.1
JEFFERSON,615,"55,179",18.7,"35,280.70",17.5,74.2,0.4,1.9,3.5,2.5
HOOD,616,"55,174",18.7,"35,299.40",74.1,20.2,0.5,1,2.1,2.2
MONROE,617,"55,136",18.7,"35,318.10",62.9,29.3,0.5,1.5,2.5,3.3
ANTHONY,618,"55,114",18.7,"35,336.80",59.8,31.9,1.5,0.6,2.3,3.8
PITTMAN,619,"55,021",18.7,"35,355.40",63.6,31.3,0.4,0.7,2.1,2
HUYNH,620,"54,996",18.6,"35,374.10",0.8,0.1,96.7,0,1.7,0.7
RANDALL,621,"54,764",18.6,"35,392.60",74.7,19.1,0.6,1.2,2.2,2.3
SINGLETON,622,"54,621",18.5,"35,411.10",45.9,48.6,0.4,0.4,2.5,2.2
KIRK,623,"54,394",18.4,"35,429.60",82.4,10.6,1.3,1.4,2.1,2.3
COMBS,624,"54,257",18.4,"35,448.00",86.1,9.1,0.5,0.6,1.9,1.9
MATHIS,625,"54,217",18.4,"35,466.30",61.9,32.7,0.3,0.6,2.2,2.3
CHRISTIAN,626,"54,198",18.4,"35,484.70",66.4,24.6,2.3,0.6,2.5,3.6
SKINNER,627,"54,046",18.3,"35,503.00",79.3,15,0.5,0.7,2,2.5
BRADFORD,628,"54,015",18.3,"35,521.40",64.8,29.1,0.5,0.6,2.5,2.5
RICHARD,629,"53,893",18.3,"35,539.60",70.4,23.5,0.9,0.6,2,2.8
GALVAN,630,"53,822",18.3,"35,557.90",6.1,0.3,0.8,0.4,0.2,92.3
WALL,631,"53,794",18.2,"35,576.10",86.1,8.2,0.8,0.8,1.8,2.3
BOONE,632,"53,792",18.2,"35,594.30",62.4,31,0.5,1.4,2.4,2.4
KIRBY,633,"53,767",18.2,"35,612.60",85.9,9.2,0.5,0.7,1.8,1.9
WILKINSON,634,"53,739",18.2,"35,630.80",88.2,6.5,0.6,0.6,1.7,2.4
BRIDGES,635,"53,682",18.2,"35,649.00",67.7,27.1,0.5,0.5,2.2,2.1
BRUCE,636,"53,419",18.1,"35,667.10",77.4,15.9,0.7,1.1,2.2,2.7
ATKINSON,637,"53,376",18.1,"35,685.20",79.3,14,0.6,0.6,1.7,3.9
VELEZ,638,"53,265",18.1,"35,703.20",6.8,0.9,0.9,0.1,0.3,91
MEZA,639,"53,230",18.1,"35,721.30",3.7,0.3,0.2,0.2,0.1,95.5
ROY,640,"53,159",18,"35,739.30",75.2,9,9.7,1.5,2,2.6
VINCENT,641,"53,095",18,"35,757.30",78.9,14,1.4,0.6,2,3.1
YORK,642,"53,059",18,"35,775.30",85.8,8,0.9,1,2,2.3
HODGE,643,"52,920",17.9,"35,793.20",68.7,24.9,0.4,0.7,2.4,2.9
VILLA,644,"52,817",17.9,"35,811.10",8.1,0.4,2.1,0.3,0.4,88.7
ABBOTT,645,"52,739",17.9,"35,829.00",89.5,4.9,0.7,0.7,1.8,2.5
ALLISON,646,"52,701",17.9,"35,846.90",80.7,13.1,0.6,1.3,2,2.3
TAPIA,647,"52,651",17.9,"35,864.70",4.9,0.3,0.7,0.4,0.2,93.5
GATES,648,"52,569",17.8,"35,882.60",75,19.1,0.6,0.8,2.1,2.4
CHASE,649,"52,481",17.8,"35,900.40",81.8,11.4,0.7,1.5,2.1,2.5
SOSA,650,"52,457",17.8,"35,918.10",5.1,0.5,0.7,0.2,0.2,93.3
SWEENEY,651,"52,410",17.8,"35,935.90",90.6,4.8,0.6,0.4,1.3,2.4
FARRELL,652,"52,321",17.7,"35,953.60",89.9,4.8,0.7,0.5,1.4,2.7
WYATT,653,"52,211",17.7,"35,971.30",75.7,18.6,0.4,0.7,2.1,2.5
DALTON,654,"52,184",17.7,"35,989.00",86.8,7.7,0.6,0.7,1.9,2.3
HORN,655,"52,138",17.7,"36,006.70",85.2,8.7,1,1.2,1.8,2.2
BARRON,656,"52,070",17.7,"36,024.40",46.4,8.8,0.7,0.4,1.2,42.5
PHELPS,657,"52,044",17.6,"36,042.00",85.1,9.7,0.5,0.6,1.8,2.3
YU,658,"52,035",17.6,"36,059.60",1.5,0.1,96.1,0,1.6,0.7
DICKERSON,659,"51,889",17.6,"36,077.20",63,31.6,0.4,0.4,2.5,2.1
HEATH,660,"51,877",17.6,"36,094.80",80.3,14.4,0.5,0.8,1.8,2.2
FOLEY,661,"51,865",17.6,"36,112.40",92.1,3.3,0.7,0.3,1.5,2.1
ATKINS,662,"51,671",17.5,"36,129.90",67.6,26.7,0.5,0.6,2.4,2.2
MATHEWS,663,"51,592",17.5,"36,147.40",74.6,15.4,4.2,0.7,2.2,2.8
BONILLA,664,"51,475",17.5,"36,164.90",4.5,0.7,1.2,0.2,0.3,93.2
ACEVEDO,665,"51,351",17.4,"36,182.30",5.1,0.6,0.4,0.2,0.2,93.5
BENITEZ,666,"51,288",17.4,"36,199.70",3.8,0.5,1.6,0.1,0.2,93.9
ZAVALA,667,"51,153",17.3,"36,217.00",3.3,0.2,0.2,0.1,0.1,96.1
HENSLEY,668,"51,081",17.3,"36,234.30",92.8,1.9,0.5,1,1.8,2.1
GLENN,669,"51,043",17.3,"36,251.60",61.4,32.8,0.5,0.6,2.4,2.3
CISNEROS,670,"50,920",17.3,"36,268.90",4.6,0.2,0.2,0.1,0.2,94.7
HARRELL,671,"50,837",17.2,"36,286.10",66.1,28.8,0.4,0.5,2.2,2
SHIELDS,672,"50,832",17.2,"36,303.30",75.8,18.5,0.6,1,1.9,2.2
RUBIO,673,"50,788",17.2,"36,320.60",5.4,0.3,1.8,0.3,0.3,92
HUFFMAN,674,"50,786",17.2,"36,337.80",91.2,4.3,0.5,0.5,1.6,1.9
CHOI,674,"50,786",17.2,"36,355.00",1.6,0.3,96.1,0,1.5,0.5
BOYER,676,"50,742",17.2,"36,372.20",88.8,5.5,0.6,0.6,1.9,2.7
GARRISON,677,"50,686",17.2,"36,389.40",83.1,11,0.5,0.8,2.1,2.5
ARROYO,678,"50,614",17.2,"36,406.50",4.6,0.6,1.1,0.1,0.2,93.3
BOND,679,"50,610",17.2,"36,423.70",75.9,17.9,0.6,0.9,2.3,2.4
KANE,680,"50,584",17.2,"36,440.80",89.1,4.6,1.7,0.5,1.8,2.4
HANCOCK,681,"50,558",17.1,"36,458.00",87.3,7.7,0.5,0.6,1.7,2.2
CALLAHAN,682,"50,524",17.1,"36,475.10",89.8,5.3,0.6,0.5,1.6,2.2
DILLON,683,"50,465",17.1,"36,492.20",84.4,9.7,0.7,1,1.7,2.6
CLINE,684,"50,258",17,"36,509.30",92.9,2.2,0.5,0.9,1.6,2
WIGGINS,685,"50,247",17,"36,526.30",54.7,39.6,0.3,0.7,2.4,2.3
GRIMES,686,"50,245",17,"36,543.30",74.9,19.5,0.4,0.6,2.2,2.5
ARELLANO,687,"50,104",17,"36,560.30",4.5,0.1,2.6,0.3,0.4,92.1
MELTON,688,"50,069",17,"36,577.30",79.8,14.2,0.5,1.1,2.1,2.3
ONEILL,689,"50,028",17,"36,594.20",92.7,0.9,0.8,0.3,1.4,4
SAVAGE,690,"49,914",16.9,"36,611.20",74.8,19.6,0.5,0.8,2.1,2.2
HO,691,"49,817",16.9,"36,628.10",2.4,0.2,93.1,0,3.2,1.1
BELTRAN,692,"49,776",16.9,"36,644.90",4.9,0.4,3.3,0.2,0.3,90.9
PITTS,693,"49,740",16.9,"36,661.80",63.2,31.4,0.5,0.5,2.3,2.1
PARRISH,694,"49,733",16.9,"36,678.70",80.2,14.2,0.5,1.3,1.8,2
PONCE,695,"49,549",16.8,"36,695.40",5.1,0.4,2,0.2,0.4,91.9
RICH,696,"49,481",16.8,"36,712.20",85.2,9.3,0.7,0.6,1.9,2.4
BOOTH,697,"49,402",16.8,"36,729.00",83.4,10.8,0.6,1.1,1.8,2.3
KOCH,698,"49,395",16.8,"36,745.70",95.3,0.3,0.7,0.3,1.1,2.3
GOLDEN,699,"49,360",16.7,"36,762.40",74.7,19.9,0.5,0.6,2,2.3
WARE,700,"49,316",16.7,"36,779.20",48.7,44.9,0.5,0.8,2.8,2.4
BRENNAN,701,"49,238",16.7,"36,795.90",94.6,0.8,0.8,0.2,1.3,2.3
MCDOWELL,702,"49,217",16.7,"36,812.50",69.7,24.9,0.5,0.6,2.1,2.3
MARKS,703,"49,177",16.7,"36,829.20",79.9,14,0.7,0.9,1.9,2.5
CANTU,704,"49,126",16.7,"36,845.90",7.9,0.6,0.2,0.2,0.2,90.9
HUMPHREY,705,"49,056",16.6,"36,862.50",71.3,23.2,0.5,0.7,2.1,2.3
BAXTER,706,"49,033",16.6,"36,879.10",80.4,13.9,0.6,0.6,2.1,2.5
SAWYER,707,"49,028",16.6,"36,895.70",80.8,13.6,0.7,0.6,2,2.3
CLAY,708,"48,844",16.6,"36,912.30",52.7,40.5,0.5,0.9,2.9,2.4
TANNER,709,"48,813",16.6,"36,928.80",82.8,10.9,0.6,1.1,2.2,2.3
HUTCHINSON,710,"48,781",16.5,"36,945.40",75.4,18.5,0.7,0.7,2.2,2.5
KAUR,711,"48,753",16.5,"36,961.90",1.1,0.3,96.1,0.6,1.5,0.4
BERG,712,"48,746",16.5,"36,978.40",94.7,0.4,0.7,0.5,1.4,2.3
WILEY,713,"48,720",16.5,"36,995.00",65.7,28.7,0.5,0.6,2.3,2.2
GILMORE,714,"48,719",16.5,"37,011.50",65.4,28.1,0.5,0.9,2.6,2.6
RUSSO,715,"48,696",16.5,"37,028.00",93.9,0.4,0.5,0.1,0.9,4.1
VILLEGAS,716,"48,599",16.5,"37,044.50",4,0.3,3.2,0.2,0.4,91.9
HOBBS,717,"48,522",16.5,"37,060.90",79.1,15.5,0.4,0.8,2,2.3
KEITH,718,"48,487",16.4,"37,077.30",79.3,14.5,0.7,1.1,2.1,2.3
WILKERSON,719,"48,444",16.4,"37,093.80",64.7,29.4,0.5,0.6,2.6,2.3
AHMED,720,"48,319",16.4,"37,110.10",15.7,22,56.5,0.4,4,1.4
BEARD,721,"48,207",16.3,"37,126.50",74.9,19.6,0.5,0.7,2,2.4
MCCLAIN,722,"48,165",16.3,"37,142.80",61.1,33.1,0.4,0.5,2.6,2.4
MONTES,723,"48,142",16.3,"37,159.10",5.5,0.7,0.8,0.3,0.2,92.6
MATA,724,"48,120",16.3,"37,175.50",5.9,0.3,2.6,0.3,0.5,90.4
ROSARIO,725,"48,051",16.3,"37,191.70",5.7,1.8,4.5,0.1,0.8,87
VANG,726,"48,036",16.3,"37,208.00",1.4,(S),96.7,(S),1.4,0.4
WALTER,727,"48,024",16.3,"37,224.30",88.6,6.2,0.9,0.5,1.4,2.3
HENSON,728,"48,013",16.3,"37,240.60",82.1,10.8,1,1.3,2.5,2.4
ONEAL,729,"47,979",16.3,"37,256.80",64.6,29.2,0.4,0.7,2.6,2.5
MOSLEY,730,"47,963",16.3,"37,273.10",40.5,53.2,0.3,0.6,3.2,2.3
MCCLURE,731,"47,742",16.2,"37,289.30",84.6,9.7,0.6,0.8,1.9,2.3
BEASLEY,732,"47,693",16.2,"37,305.50",67,27.6,0.4,0.7,2.3,2
STEPHENSON,733,"47,641",16.2,"37,321.60",80.1,14,0.6,0.7,2,2.7
SNOW,734,"47,528",16.1,"37,337.70",85,9,0.6,1.4,2.1,1.9
HUERTA,735,"47,455",16.1,"37,353.80",3.8,0.2,0.3,0.1,0.1,95.5
PRESTON,736,"47,367",16.1,"37,369.90",73.2,20.4,0.6,1.1,2.3,2.5
VANCE,737,"47,324",16,"37,385.90",81.6,12.9,0.6,0.7,1.9,2.4
BARRY,738,"47,274",16,"37,401.90",84.5,10.5,0.8,0.4,1.4,2.5
JOHNS,739,"47,246",16,"37,418.00",79.8,12.8,0.8,2,2.2,2.5
EATON,740,"47,184",16,"37,433.90",85.1,9.6,0.5,0.8,1.7,2.3
BLACKWELL,741,"47,175",16,"37,449.90",65.7,28.5,0.4,0.8,2.6,2.1
DYER,742,"47,170",16,"37,465.90",83.2,11.4,0.5,0.7,1.8,2.5
PRINCE,743,"47,168",16,"37,481.90",66.4,26.5,0.7,0.9,2.4,3.1
MACDONALD,744,"46,717",15.8,"37,497.80",93.7,1.1,0.9,0.4,1.6,2.4
SOLOMON,745,"46,534",15.8,"37,513.50",57.8,32.1,3.1,1.4,2.4,3.2
GUEVARA,746,"46,454",15.8,"37,529.30",4.3,0.5,2.7,0.2,0.3,91.9
STAFFORD,747,"46,394",15.7,"37,545.00",79.1,15.1,0.5,0.9,2.2,2.2
ENGLISH,748,"46,393",15.7,"37,560.70",71.4,22.4,0.7,0.6,2.5,2.4
HURST,749,"46,244",15.7,"37,576.40",84.5,10.5,0.5,0.5,1.8,2.2
WOODARD,750,"46,240",15.7,"37,592.10",59.9,34.6,0.5,0.6,2.2,2.2
CORTES,751,"46,229",15.7,"37,607.80",4.8,0.4,2.1,0.1,0.2,92.4
SHANNON,752,"46,147",15.6,"37,623.40",75.2,19.5,0.5,0.4,2,2.4
KEMP,753,"46,146",15.6,"37,639.10",71.7,22.8,0.5,0.7,2.2,2.1
NOLAN,754,"46,054",15.6,"37,654.70",86.9,7.4,0.6,0.6,1.7,2.9
MCCULLOUGH,755,"45,852",15.5,"37,670.20",73.3,21.2,0.5,0.5,2,2.6
MERRITT,756,"45,594",15.5,"37,685.70",75.1,19.7,0.5,0.7,2,2.1
MURILLO,757,"45,558",15.4,"37,701.10",4.4,0.4,0.9,0.3,0.2,93.8
MOON,758,"45,528",15.4,"37,716.50",65.7,10,19.1,1,2.2,2
SALGADO,759,"45,469",15.4,"37,732.00",4.1,0.3,1.2,0.3,0.2,93.9
STRONG,760,"45,432",15.4,"37,747.40",66.8,25.8,0.8,1.5,2.5,2.6
KLINE,761,"45,390",15.4,"37,762.70",94.2,1.6,0.5,0.3,1.3,2
CORDOVA,762,"45,305",15.4,"37,778.10",10.3,0.6,1.3,0.8,0.5,86.5
BARAJAS,763,"45,153",15.3,"37,793.40",3.1,0.1,0.1,0.2,0.1,96.5
ROACH,764,"45,019",15.3,"37,808.70",80.3,14,0.5,0.8,1.8,2.7
ROSAS,765,"44,938",15.2,"37,823.90",3.9,0.3,0.5,0.2,0.1,95.1
WINTERS,766,"44,914",15.2,"37,839.10",79.1,15.1,0.5,0.8,2.1,2.4
JACOBSON,767,"44,808",15.2,"37,854.30",94.7,0.4,0.8,0.5,1.5,2.2
LESTER,768,"44,784",15.2,"37,869.50",75.8,18.6,0.4,1.2,1.8,2.2
KNOX,769,"44,742",15.2,"37,884.70",63.4,30.6,0.5,0.7,2.5,2.3
BULLOCK,770,"44,740",15.2,"37,899.80",61.6,33,0.5,0.6,2.2,2.2
KERR,771,"44,711",15.2,"37,915.00",86.9,7.5,0.8,0.6,1.8,2.4
LEACH,772,"44,581",15.1,"37,930.10",80.3,13.8,0.6,0.9,2,2.4
MEADOWS,773,"44,500",15.1,"37,945.20",81.2,14.2,0.4,0.5,1.8,1.9
ORR,774,"44,388",15.1,"37,960.20",79.4,15,0.7,0.8,2,2.2
DAVILA,774,"44,388",15.1,"37,975.30",6.6,0.7,0.3,0.2,0.2,92
WHITEHEAD,776,"44,373",15,"37,990.30",70.5,24,0.4,0.7,2.2,2.1
PRUITT,777,"44,365",15,"38,005.40",73.2,21.5,0.3,0.7,2.3,2
KENT,778,"44,325",15,"38,020.40",83.9,10.4,0.8,0.7,1.9,2.3
CONWAY,779,"44,320",15,"38,035.40",81.8,12.5,0.6,0.7,1.9,2.5
MCKEE,780,"44,137",15,"38,050.40",87.4,6.8,0.6,0.8,1.9,2.4
BARR,781,"44,130",15,"38,065.40",82.7,11.7,0.6,1,1.7,2.3
DAVID,782,"44,040",14.9,"38,080.30",59.5,14.9,13.9,1.7,2.5,7.6
DEJESUS,783,"44,038",14.9,"38,095.20",5.9,1.6,7.7,0.2,0.7,83.9
MARIN,784,"43,904",14.9,"38,110.10",11.1,1.1,0.8,0.2,0.3,86.6
BERGER,785,"43,851",14.9,"38,125.00",92.3,2.5,0.7,0.3,1.4,2.8
MCINTYRE,786,"43,842",14.9,"38,139.80",78.5,16.3,0.5,0.4,1.9,2.3
BLANKENSHIP,787,"43,830",14.9,"38,154.70",93.7,2,0.4,0.8,1.5,1.6
GAINES,788,"43,821",14.9,"38,169.50",42.9,50.7,0.3,0.6,3.1,2.4
PALACIOS,789,"43,798",14.9,"38,184.40",4.3,0.4,0.9,0.2,0.2,94.1
CUEVAS,790,"43,701",14.8,"38,199.20",7.4,0.3,1.7,0.2,0.2,90.2
BARTLETT,791,"43,648",14.8,"38,214.00",90.6,3.7,0.7,0.7,1.8,2.6
DURHAM,792,"43,635",14.8,"38,228.80",73,21.5,0.4,0.6,2.2,2.2
DORSEY,793,"43,631",14.8,"38,243.60",41.8,52.2,0.4,0.5,3.2,2
MCCALL,794,"43,483",14.7,"38,258.30",66.5,28.2,0.5,0.6,2.1,2.2
ODONNELL,795,"43,460",14.7,"38,273.10",95.1,0.5,0.6,0.3,1.2,2.4
STEIN,796,"43,389",14.7,"38,287.80",94.4,1,0.7,0.4,1.2,2.4
BROWNING,797,"43,329",14.7,"38,302.50",87.5,7.3,0.4,0.7,1.8,2.3
STOUT,798,"43,305",14.7,"38,317.10",92.1,2.3,0.7,0.9,1.7,2.4
LOWERY,799,"43,278",14.7,"38,331.80",68,23,0.4,4.5,2.2,2.1
SLOAN,800,"43,261",14.7,"38,346.50",79.4,13.9,0.6,1.8,2.1,2.3
MCLEAN,801,"43,260",14.7,"38,361.10",67,26.9,0.7,0.7,2.1,2.6
HENDRICKS,802,"43,197",14.6,"38,375.80",75.7,17.4,0.6,1.4,2.2,2.8
CALHOUN,803,"43,180",14.6,"38,390.40",61.7,33,0.5,0.5,2.3,2.1
SEXTON,804,"43,133",14.6,"38,405.00",91.4,3.6,0.5,0.7,1.6,2.1
CHUNG,805,"43,110",14.6,"38,419.70",2.3,2.3,90,0,4,1.4
GENTRY,806,"43,027",14.6,"38,434.20",82.1,12.2,0.4,0.7,2.1,2.5
HULL,807,"43,018",14.6,"38,448.80",85.5,8.6,0.6,0.7,1.9,2.6
DUARTE,808,"42,983",14.6,"38,463.40",16.2,1.7,0.9,0.3,1,80
ELLISON,809,"42,827",14.5,"38,477.90",65.8,28.3,0.6,0.6,2.3,2.4
NIELSEN,810,"42,773",14.5,"38,492.40",94.2,0.4,0.9,0.4,1.5,2.7
GILLESPIE,811,"42,693",14.5,"38,506.90",81.2,13.8,0.5,0.5,1.7,2.3
BUCK,812,"42,639",14.5,"38,521.30",88.1,5.7,0.8,1.4,1.9,2.1
MIDDLETON,813,"42,578",14.4,"38,535.80",66.7,28.2,0.5,0.5,2.1,2.1
SELLERS,814,"42,577",14.4,"38,550.20",76.5,17.8,0.5,1,2,2.1
LEBLANC,815,"42,575",14.4,"38,564.60",86.2,8.8,0.5,0.7,1.4,2.5
ESPARZA,816,"42,559",14.4,"38,579.10",5.1,0.1,0.2,0.2,0.2,94.2
HARDIN,817,"42,469",14.4,"38,593.50",77.7,16,0.6,1.4,2.2,2.2
BRADSHAW,818,"42,465",14.4,"38,607.90",78.1,16.4,0.5,0.6,2.2,2.3
MCINTOSH,819,"42,379",14.4,"38,622.20",69.8,23.8,0.6,1.1,2.5,2.3
HOWE,820,"42,265",14.3,"38,636.60",90.6,3.2,1,1.3,1.8,2.1
LIVINGSTON,821,"42,103",14.3,"38,650.80",72.1,20.9,0.5,1.9,2,2.5
FROST,822,"42,015",14.2,"38,665.10",86.5,7.7,0.7,0.9,2,2.2
GLASS,823,"41,802",14.2,"38,679.30",77,17.4,0.4,1.1,1.9,2.3
MORSE,824,"41,774",14.2,"38,693.40",90.5,4.3,0.7,0.6,1.8,2.1
KNAPP,825,"41,771",14.2,"38,707.60",94.7,0.6,0.6,0.4,1.4,2.3
HERMAN,826,"41,750",14.2,"38,721.70",90.5,3.4,0.9,1,1.3,2.9
STARK,827,"41,735",14.2,"38,735.90",92.5,2.3,0.6,0.7,1.5,2.5
BRAVO,828,"41,700",14.1,"38,750.00",6.2,0.7,1.9,0.3,0.4,90.6
NOBLE,829,"41,667",14.1,"38,764.10",77.7,14.4,1.7,0.7,2.1,3.4
SPEARS,830,"41,665",14.1,"38,778.30",67,26.3,0.5,1.6,2.5,2.2
WEEKS,831,"41,565",14.1,"38,792.40",84.4,10,0.6,0.8,1.8,2.5
CORONA,832,"41,553",14.1,"38,806.40",8.6,0.3,0.4,0.2,0.3,90.3
FREDERICK,833,"41,394",14,"38,820.50",80.1,14.1,0.6,0.8,1.9,2.4
BUCKLEY,834,"41,348",14,"38,834.50",83.2,11.5,0.6,0.7,1.7,2.4
MCFARLAND,835,"41,300",14,"38,848.50",78.9,15.6,0.6,0.6,2.1,2.2
HEBERT,836,"41,275",14,"38,862.50",90.4,4.9,0.5,0.6,1.4,2.4
ENRIQUEZ,837,"41,271",14,"38,876.50",4,0.6,7.9,0.4,0.6,86.5
HICKMAN,838,"41,163",14,"38,890.40",75.2,18.7,0.5,1.3,2.2,2.3
QUINTERO,839,"41,158",14,"38,904.40",4.2,0.4,0.4,0.8,0.2,94.1
RANDOLPH,840,"41,129",13.9,"38,918.30",55.9,37.7,0.5,0.7,2.9,2.4
SCHAEFER,841,"41,063",13.9,"38,932.20",95.1,0.5,0.7,0.4,1.3,2.2
WALLS,842,"41,025",13.9,"38,946.20",68.7,25.4,0.4,0.8,2.4,2.4
TREJO,843,"41,021",13.9,"38,960.10",4,0.4,0.1,0.3,0.2,95.1
HOUSE,844,"41,000",13.9,"38,974.00",75.1,18.7,0.4,1.5,2.3,2.1
REILLY,845,"40,884",13.9,"38,987.80",95.3,0.4,0.7,0.1,1.2,2.3
PENNINGTON,846,"40,854",13.9,"39,001.70",87.9,7.2,0.4,0.5,1.8,2.2
MICHAEL,847,"40,736",13.8,"39,015.50",83.6,8.9,2,0.7,1.9,3.1
CONRAD,848,"40,707",13.8,"39,029.30",92,3.1,0.6,0.6,1.5,2.2
GILES,849,"40,598",13.8,"39,043.00",64.9,26.2,0.4,0.5,2.3,5.7
BENJAMIN,850,"40,590",13.8,"39,056.80",49,41.6,2.5,0.9,2.6,3.4
CROSBY,851,"40,563",13.8,"39,070.60",70,24,0.5,0.7,2.2,2.5
FITZPATRICK,852,"40,449",13.7,"39,084.30",85.6,9.4,0.6,0.4,1.7,2.3
DONOVAN,853,"40,410",13.7,"39,098.00",92.9,2,0.7,0.3,1.3,2.8
MAYS,854,"40,408",13.7,"39,111.70",54.8,39.7,0.4,0.6,2.7,2
MAHONEY,855,"40,397",13.7,"39,125.40",91.1,4.3,0.6,0.2,1.5,2.3
VALENTINE,856,"40,395",13.7,"39,139.10",66.1,23.3,0.7,0.5,2.1,7.4
RAYMOND,857,"40,275",13.7,"39,152.70",79.1,13.6,1.1,0.9,2.1,3.3
MEDRANO,858,"40,261",13.7,"39,166.40",4.3,0.3,1.9,0.2,0.3,93
HAHN,859,"40,250",13.7,"39,180.00",90.2,0.5,5.7,0.3,1.3,2
MCMILLAN,860,"40,237",13.6,"39,193.60",68,25.6,0.6,1.3,2.4,2.2
SMALL,861,"40,212",13.6,"39,207.30",62.7,30.8,0.6,1.4,1.9,2.6
BENTLEY,862,"40,193",13.6,"39,220.90",82.5,12.4,0.5,0.5,1.9,2.3
FELIX,863,"40,165",13.6,"39,234.50",17.5,11.6,2.8,0.9,1,66.3
PECK,864,"40,055",13.6,"39,248.10",90.7,3.6,0.9,0.5,1.7,2.6
LUCERO,865,"39,986",13.6,"39,261.60",11.1,0.2,2.7,2.9,0.7,82.4
BOYLE,866,"39,921",13.5,"39,275.20",93.5,2,0.6,0.3,1.3,2.3
HANNA,867,"39,890",13.5,"39,288.70",87.1,6.4,1,0.6,2.2,2.7
PACE,868,"39,879",13.5,"39,302.20",78.3,16.5,0.7,0.5,1.7,2.4
RUSH,869,"39,802",13.5,"39,315.70",74,20.8,0.5,0.7,1.9,2.2
HURLEY,870,"39,796",13.5,"39,329.20",90.7,4.6,0.7,0.6,1.5,1.9
HARDING,871,"39,787",13.5,"39,342.70",80.1,13.6,0.6,0.9,2.2,2.5
MCCONNELL,872,"39,754",13.5,"39,356.20",88.8,6,0.6,0.8,1.8,2.1
BERNAL,873,"39,693",13.5,"39,369.60",8,0.4,2.4,0.3,0.4,88.5
NAVA,874,"39,670",13.5,"39,383.10",4.5,0.3,1.1,0.2,0.2,93.8
AYERS,875,"39,623",13.4,"39,396.50",83,11.7,0.6,0.6,2.1,2.1
EVERETT,876,"39,593",13.4,"39,409.90",68.9,24.6,0.5,0.7,2.1,3.2
VENTURA,877,"39,580",13.4,"39,423.40",18.8,0.8,4.6,0.3,1,74.5
AVERY,878,"39,564",13.4,"39,436.80",71.1,22.9,0.5,0.8,2.4,2.3
PUGH,879,"39,559",13.4,"39,450.20",67.2,28.1,0.5,0.4,2,1.8
MAYER,880,"39,555",13.4,"39,463.60",93.1,1.3,0.9,0.4,1.3,3
BENDER,881,"39,551",13.4,"39,477.00",88.5,6.5,0.7,0.6,1.6,2.1
SHEPARD,882,"39,430",13.4,"39,490.40",76.7,17.1,0.6,0.9,2.2,2.6
MCMAHON,883,"39,411",13.4,"39,503.70",93.2,2.3,0.7,0.2,1.3,2.3
LANDRY,884,"39,391",13.4,"39,517.10",83,12.6,0.5,0.4,1.5,2.1
CASE,885,"39,319",13.3,"39,530.40",92.3,2.1,0.7,1,1.7,2.2
SAMPSON,886,"39,277",13.3,"39,543.70",60.2,30,0.7,3.9,2.4,2.8
MOSES,887,"39,216",13.3,"39,557.00",55.1,34.5,2,3.2,2.7,2.6
MAGANA,888,"39,105",13.3,"39,570.30",3.8,0.4,0.6,0.2,0.2,94.9
BLACKBURN,889,"39,097",13.3,"39,583.50",87.4,7.3,0.5,0.9,1.7,2.1
DUNLAP,890,"39,063",13.2,"39,596.80",75,19.5,0.5,0.7,2.1,2.2
GOULD,891,"38,924",13.2,"39,610.00",86.8,7.2,0.7,1.4,1.8,2.1
DUFFY,892,"38,835",13.2,"39,623.10",90.7,4.3,0.7,0.5,1.6,2.3
VAUGHAN,893,"38,830",13.2,"39,636.30",82,12.9,0.5,0.5,1.7,2.4
HERRING,894,"38,733",13.1,"39,649.40",72.7,22.1,0.4,0.5,2.2,2.2
MCKAY,895,"38,681",13.1,"39,662.50",80,13.6,0.7,1.2,2.1,2.4
ESPINOSA,896,"38,667",13.1,"39,675.60",7.7,0.4,3.5,0.3,0.4,87.7
RIVERS,897,"38,662",13.1,"39,688.70",40.5,50.9,0.6,2,2.6,3.4
FARLEY,898,"38,528",13.1,"39,701.80",83.7,10.9,0.6,0.8,1.6,2.5
BERNARD,899,"38,512",13.1,"39,714.90",62.8,25.8,1.1,0.7,2.2,7.4
ASHLEY,900,"38,499",13.1,"39,727.90",71.8,20.6,0.7,2.4,2.3,2.3
FRIEDMAN,901,"38,374",13,"39,740.90",96.1,0.4,0.6,0.1,0.9,1.9
POTTS,902,"38,277",13,"39,753.90",79.6,14.3,0.6,1.3,2,2.3
TRUONG,903,"38,267",13,"39,766.90",0.8,0.1,96.9,0,1.6,0.6
COSTA,904,"38,265",13,"39,779.80",83.2,2.3,1.8,0.4,2.1,10.3
CORREA,905,"38,232",13,"39,792.80",10.4,1,1.7,0.3,1.2,85.4
BLEVINS,906,"38,229",13,"39,805.80",89.5,5.2,0.4,1.2,2.1,1.7
NIXON,907,"38,147",12.9,"39,818.70",62,31.6,0.6,0.7,2.5,2.6
CLEMENTS,908,"38,044",12.9,"39,831.60",84.9,9.9,0.5,0.6,1.9,2.3
FRY,909,"38,029",12.9,"39,844.50",91.1,3.1,0.6,1.1,1.8,2.3
DELAROSA,910,"37,932",12.9,"39,857.30",5.2,0.6,4.6,0.3,0.5,88.9
BEST,911,"37,923",12.9,"39,870.20",71.8,22.5,0.5,0.6,1.8,2.8
BENTON,912,"37,912",12.9,"39,883.10",69,25,0.6,0.9,2.2,2.4
LUGO,913,"37,903",12.9,"39,895.90",6.9,1,0.4,0.3,0.2,91.2
PORTILLO,914,"37,890",12.8,"39,908.80",4.1,0.5,0.4,0.2,0.1,94.8
DOUGHERTY,915,"37,884",12.8,"39,921.60",94.4,1.1,0.6,0.3,1.3,2.3
CRANE,916,"37,870",12.8,"39,934.40",90.1,4.3,0.6,0.6,1.8,2.6
HALEY,917,"37,858",12.8,"39,947.30",81.3,13.2,0.5,0.7,2,2.2
PHAN,918,"37,836",12.8,"39,960.10",1.3,0.2,95.8,0,2,0.7
VILLALOBOS,919,"37,754",12.8,"39,972.90",3.9,0.2,0.7,0.2,0.2,94.8
BLANCHARD,920,"37,695",12.8,"39,985.70",84.9,9.3,0.5,0.8,1.9,2.7
HORNE,921,"37,689",12.8,"39,998.40",70.9,24,0.6,0.6,1.9,2
FINLEY,922,"37,672",12.8,"40,011.20",72.3,21.4,0.5,1.2,2.2,2.4
QUINTANA,923,"37,657",12.8,"40,024.00",8.2,0.3,1.1,1.1,0.3,89.1
LYNN,924,"37,644",12.8,"40,036.70",84.6,9,1.4,0.7,1.8,2.5
ESQUIVEL,925,"37,578",12.7,"40,049.50",4.1,0.2,0.7,0.2,0.2,94.7
BEAN,926,"37,571",12.7,"40,062.20",80.8,13.4,0.6,0.9,1.8,2.5
DODSON,927,"37,566",12.7,"40,075.00",81.4,12.3,0.5,1.4,2.2,2.2
MULLEN,928,"37,502",12.7,"40,087.70",87.6,6.9,0.7,0.6,1.9,2.3
XIONG,929,"37,499",12.7,"40,100.40",0.3,0.1,98.1,0,1.1,0.4
HAYDEN,930,"37,451",12.7,"40,113.10",80.6,14.1,0.7,0.4,2,2.3
CANO,931,"37,368",12.7,"40,125.70",6.6,0.4,1.2,0.2,0.3,91.3
LEVY,932,"37,228",12.6,"40,138.40",79.2,13,0.9,0.3,1.7,5.1
HUBER,933,"37,170",12.6,"40,151.00",95.2,0.4,0.6,0.3,1.4,2.1
RICHMOND,934,"37,053",12.6,"40,163.50",71.7,22.8,0.5,0.5,2.2,2.2
MOYER,935,"37,050",12.6,"40,176.10",93.4,2.4,0.5,0.3,1.4,1.9
LIM,936,"37,021",12.6,"40,188.60",2.9,0.2,92.2,0,3,1.6
FRYE,937,"36,973",12.5,"40,201.20",83,11.8,0.5,1,1.9,1.8
SHEPPARD,938,"36,960",12.5,"40,213.70",67.4,26.8,0.5,0.8,2,2.6
MCCARTY,939,"36,944",12.5,"40,226.20",88.1,6.4,0.5,0.8,1.7,2.4
AVALOS,940,"36,922",12.5,"40,238.70",3.5,0.2,0.2,0.2,0.1,95.8
BOOKER,941,"36,840",12.5,"40,251.20",28,65.2,0.3,0.4,3.8,2.3
WALLER,942,"36,805",12.5,"40,263.70",69.6,25.2,0.5,0.5,2.1,2.2
PARRA,943,"36,765",12.5,"40,276.20",6.5,0.3,0.4,0.4,0.2,92.3
WOODWARD,944,"36,764",12.5,"40,288.60",89.7,4.8,0.6,0.7,1.8,2.4
JARAMILLO,945,"36,755",12.5,"40,301.10",7.5,0.3,1,0.7,0.3,90.3
KRUEGER,946,"36,743",12.5,"40,313.60",96,0.2,0.6,0.4,1.1,1.7
RASMUSSEN,947,"36,636",12.4,"40,326.00",94.6,0.3,0.8,0.4,1.4,2.6
BRANDT,948,"36,613",12.4,"40,338.40",94.1,0.9,0.7,0.4,1.4,2.5
PERALTA,949,"36,585",12.4,"40,350.80",5.2,0.4,7.2,0.3,0.9,86
DONALDSON,950,"36,558",12.4,"40,363.20",72.1,22.1,0.5,0.4,2.4,2.5
STUART,951,"36,540",12.4,"40,375.60",84,9.9,0.7,0.6,1.8,3
FAULKNER,952,"36,466",12.4,"40,387.90",79.4,15.4,0.5,0.6,1.8,2.3
MAYNARD,953,"36,460",12.4,"40,400.30",87.5,7,0.5,0.7,1.7,2.7
GALINDO,954,"36,429",12.4,"40,412.60",5.9,0.2,0.8,0.3,0.3,92.7
COFFEY,955,"36,423",12.4,"40,425.00",88.4,6.7,0.5,0.7,1.7,1.9
ESTES,956,"36,318",12.3,"40,437.30",86.8,7.2,0.5,1,2.1,2.5
SANFORD,957,"36,312",12.3,"40,449.60",76.6,17.8,0.6,0.7,2,2.4
BURCH,958,"36,269",12.3,"40,461.90",78.8,15.4,0.5,0.8,2.2,2.4
MADDOX,959,"36,250",12.3,"40,474.20",69.8,25.2,0.4,0.5,1.9,2.2
VO,960,"36,236",12.3,"40,486.50",1.4,0.2,96.1,0,1.7,0.6
OCONNELL,961,"36,194",12.3,"40,498.80",95.4,0.3,0.6,0.2,1.3,2.2
VU,962,"36,179",12.3,"40,511.00",1,(S),96.6,(S),1.7,0.6
ANDERSEN,963,"36,150",12.3,"40,523.30",94,0.8,0.7,0.4,1.5,2.6
SPENCE,964,"36,129",12.3,"40,535.50",72.2,21.7,0.6,0.6,2.1,2.7
MCPHERSON,965,"36,125",12.3,"40,547.80",73.4,20.7,0.6,0.6,2.3,2.5
CHURCH,966,"36,072",12.2,"40,560.00",89.2,5.8,0.5,0.8,1.6,2.2
SCHMITT,967,"36,043",12.2,"40,572.20",95.7,0.2,0.6,0.4,1.2,2
STANTON,968,"35,997",12.2,"40,584.40",82.9,11.6,0.7,0.6,1.9,2.4
LEAL,969,"35,958",12.2,"40,596.60",13,0.5,1,0.2,0.4,84.9
CHERRY,970,"35,877",12.2,"40,608.80",59,35.5,0.7,0.4,2.5,2
COMPTON,971,"35,830",12.2,"40,620.90",87.3,7.8,0.5,0.7,1.7,2
DUDLEY,972,"35,781",12.1,"40,633.00",66,27.7,0.5,0.7,2.5,2.6
SIERRA,973,"35,770",12.1,"40,645.20",7.2,0.7,0.6,0.5,0.3,90.6
POLLARD,974,"35,749",12.1,"40,657.30",62.8,31.4,0.6,0.6,2.4,2.3
ALFARO,975,"35,725",12.1,"40,669.40",4.9,0.3,1.3,0.1,0.2,93.3
HESTER,976,"35,642",12.1,"40,681.50",73.1,21.9,0.5,0.5,2.2,1.8
PROCTOR,977,"35,636",12.1,"40,693.60",70.1,21.6,0.5,2.4,3.1,2.3
LU,978,"35,628",12.1,"40,705.60",1.8,0.4,95.7,0,1.4,0.7
HINTON,979,"35,606",12.1,"40,717.70",53.2,40.6,0.4,1.2,2.6,2.1
NOVAK,980,"35,461",12,"40,729.70",95.5,0.3,0.7,0.2,1.1,2.2
GOOD,981,"35,446",12,"40,741.80",88.9,5.5,1.2,0.4,1.6,2.4
MADDEN,982,"35,438",12,"40,753.80",84.5,10.5,0.7,0.5,1.8,2.1
MCCANN,983,"35,408",12,"40,765.80",89.7,5.5,0.7,0.4,1.6,2.2
TERRELL,983,"35,408",12,"40,777.80",55.3,39,0.4,0.8,2.4,2.2
JARVIS,985,"35,350",12,"40,789.80",84.9,9.3,0.6,0.6,2,2.8
DICKSON,986,"35,312",12,"40,801.70",75.8,16.9,0.7,1.4,2.2,3.1
REYNA,987,"35,291",12,"40,813.70",6.2,0.3,0.5,0.5,0.2,92.4
CANTRELL,988,"35,266",12,"40,825.60",89.7,4.7,0.5,1.2,1.9,2.1
MAYO,989,"35,228",11.9,"40,837.60",63.3,22.2,2.1,0.9,2.5,9.1
BRANCH,990,"35,225",11.9,"40,849.50",47.4,45.9,0.5,0.6,2.6,3
HENDRIX,991,"35,194",11.9,"40,861.50",78,16.2,0.5,0.7,2.2,2.4
ROLLINS,992,"35,132",11.9,"40,873.40",68.3,26,0.4,0.5,2.4,2.5
ROWLAND,993,"35,121",11.9,"40,885.30",86.6,7.4,0.6,1,1.9,2.5
WHITNEY,994,"35,118",11.9,"40,897.20",85.4,8.5,0.8,0.8,2,2.5
DUKE,995,"35,053",11.9,"40,909.10",85.5,8.1,0.6,0.6,2,3.3
ODOM,996,"35,020",11.9,"40,920.90",69,25.9,0.5,0.6,2,2.1
DAUGHERTY,997,"34,987",11.9,"40,932.80",90,4.5,0.5,1.1,1.9,2
TRAVIS,998,"34,985",11.9,"40,944.70",73.3,21,0.5,0.5,2.2,2.4
TANG,999,"34,961",11.9,"40,956.50",2.6,0.6,93.3,0.1,2.1,1.3
ARCHER,"1,000","34,949",11.9,"40,968.40",79.5,14,0.6,0.7,2,3.1
,,,,,,,,,,
"Source: U.S. Census Bureau, 2010 Census.",,,,,,,,,,
Note: Fields suppressed for confidentiality are assigned the value (S).,,,,,,,,,,